article_id,published_date,title,summary,source,url,scope,region_id,category,sentiment_raw,impact_magnitude,weighted_sentiment
art-202303-0001,2023-03-01,Koreksi Pasar Properti Pasca-Pandemi Berlanjut,Harga properti di Indonesia mengalami penyesuaian tajam setelah lonjakan selama pandemi.,Jakarta Post,https://example.com/news/art-202303-0001,national,,economy,-0.85,0.9,-0.765
art-202303-0002,2023-03-08,Kekhawatiran Kelebihan Pasokan Properti Jakarta,Analis memperingatkan potensi oversupply apartemen dan rumah di kawasan Jabodetabek.,Kontan,https://example.com/news/art-202303-0002,national,,market,-0.8,0.85,-0.68
art-202303-0003,2023-03-24,Bank Besar Perketat Syarat KPR,Perbankan memperketat persyaratan kredit properti di tengah ketidakpastian pasar.,Kompas.com,https://example.com/news/art-202303-0003,national,,economy,-0.7,0.8,-0.56
art-202303-0004,2023-03-01,Pusat Perbelanjaan Baru Hadir di Cilandak,Mall lifestyle berkonsep open-air dengan 150 tenant akan dibuka di Cilandak Town Square.,Detik Finance,https://example.com/news/art-202303-0004,local,Jakarta Selatan,development,0.0557,0.0561,0.0031
art-202303-0005,2023-03-23,Koridor TransJakarta Baru Hubungkan Cilandak ke Sudirman,Rute BRT baru meningkatkan opsi transportasi umum untuk warga Cilandak dan sekitarnya.,Kontan,https://example.com/news/art-202303-0005,regional,Jakarta Selatan,infrastructure,0.0441,0.1061,0.0047
art-202303-0006,2023-03-25,Gedung Perkantoran Grade A Baru di SCBD,Menara perkantoran 50 lantai berkonsep green building mulai konstruksi di SCBD.,CNBC Indonesia,https://example.com/news/art-202303-0006,local,Jakarta Pusat,development,0.038,0.0695,0.0026
art-202303-0007,2023-03-31,Jaringan Listrik Bawah Tanah untuk Kawasan Menteng,PLN menyelesaikan proyek kabel listrik bawah tanah di kawasan heritage Menteng.,Kompas.com,https://example.com/news/art-202303-0007,local,Jakarta Pusat,infrastructure,0.0479,0.084,0.004
art-202303-0008,2023-03-26,Green Office Park Baru di Puri Indah,Kawasan perkantoran berkonsep hijau akan dibangun di koridor Puri Indah.,Jakarta Post,https://example.com/news/art-202303-0008,local,Jakarta Barat,development,0.0239,0.1093,0.0026
art-202303-0009,2023-03-10,Stasiun KRL Baru di Kembangan Beroperasi,Stasiun commuter line baru meningkatkan aksesibilitas kawasan barat Jakarta.,Kompas.com,https://example.com/news/art-202303-0009,regional,Jakarta Barat,infrastructure,0.025,0.1422,0.0036
art-202303-0010,2023-03-02,Pusat Komersial Baru Direncanakan di Cipinang,Proyek pengembangan retail dan perkantoran baru akan dibangun di Cipinang.,Kontan,https://example.com/news/art-202303-0010,local,Jakarta Timur,development,0.0545,0.0904,0.0049
art-202303-0011,2023-03-28,Pusat Komersial Baru Direncanakan di Cipinang,Proyek pengembangan retail dan perkantoran baru akan dibangun di Cipinang.,CNBC Indonesia,https://example.com/news/art-202303-0011,local,Jakarta Timur,development,0.0509,0.119,0.0061
art-202303-0012,2023-03-07,Koridor TransJakarta Baru ke Pulogebang Beroperasi,Rute BRT baru menghubungkan Terminal Pulogebang langsung ke Kampung Melayu.,Detik Finance,https://example.com/news/art-202303-0012,regional,Jakarta Timur,infrastructure,0.0454,0.0865,0.0039
art-202303-0013,2023-03-06,Ratusan Rumah Terendam Banjir di Penjaringan,"Intensitas hujan tinggi mengakibatkan banjir setinggi 50 cm di Penjaringan, Jakarta Utara.",Jakarta Post,https://example.com/news/art-202303-0013,local,Jakarta Utara,disaster,-0.0225,0.1148,-0.0026
art-202303-0014,2023-03-30,RS Internasional Baru Dibangun di Kelapa Gading,Rumah sakit berstandar internasional dengan 300 bed akan dibangun di kawasan Kelapa Gading.,Detik Finance,https://example.com/news/art-202303-0014,local,Jakarta Utara,development,0.0347,0.0824,0.0029
art-202304-0015,2023-04-22,Pemulihan Ekonomi Lebih Lambat dari Prediksi,Data ekonomi kuartal pertama menunjukkan pemulihan yang lebih lamban dari ekspektasi pasar.,Bisnis Indonesia,https://example.com/news/art-202304-0015,national,,economy,-0.8,0.85,-0.68
art-202304-0016,2023-04-25,Penjualan Properti Baru Turun 20% Year-on-Year,Pengembang melaporkan penurunan signifikan dalam penjualan unit baru.,Detik Finance,https://example.com/news/art-202304-0016,national,,market,-0.75,0.8,-0.6
art-202304-0017,2023-04-08,Harga Rumah Bekas Ikut Terkoreksi,Pasar properti sekunder juga mengalami tekanan harga yang signifikan.,Kontan,https://example.com/news/art-202304-0017,national,,market,-0.65,0.75,-0.4875
art-202304-0018,2023-04-19,Permintaan Ekspat Dorong Harga Sewa di Senayan,Komunitas ekspatriat yang berkembang mendorong kenaikan harga sewa di kawasan premium Jakarta Selatan.,Tribun News,https://example.com/news/art-202304-0018,local,Jakarta Selatan,market,0.026,0.0546,0.0014
art-202304-0019,2023-04-05,Superblok Baru Direncanakan di Dekat Monas,Proyek pengembangan mixed-use berskala besar diumumkan untuk area sekitar Monas.,Jakarta Post,https://example.com/news/art-202304-0019,local,Jakarta Pusat,development,0.03,0.1119,0.0034
art-202304-0020,2023-04-29,Revitalisasi Pasar Tanah Abang Dimulai,Proyek modernisasi pasar terbesar di Asia Tenggara resmi dimulai.,Bisnis Indonesia,https://example.com/news/art-202304-0020,regional,Jakarta Pusat,development,0.0375,0.0684,0.0026
art-202304-0021,2023-04-03,Data Center Hyperscale Dibangun di Kawasan Industri Barat,Perusahaan teknologi global membangun data center berskala besar di Jakarta Barat.,Bisnis Indonesia,https://example.com/news/art-202304-0021,local,Jakarta Barat,development,0.0188,0.1198,0.0022
art-202304-0022,2023-04-22,SPAM Baru Sediakan Air Bersih untuk 20.000 KK di Kalideres,Sistem penyediaan air minum baru menjangkau ribuan rumah tangga di Kalideres.,Kompas.com,https://example.com/news/art-202304-0022,local,Jakarta Barat,infrastructure,0.0444,0.0653,0.0029
art-202304-0023,2023-04-18,Waduk Retensi Baru di Cipinang Selesai Dibangun,Waduk baru berkapasitas 1 juta meter kubik mengurangi risiko banjir di Jakarta Timur.,Detik Finance,https://example.com/news/art-202304-0023,local,Jakarta Timur,infrastructure,0.0338,0.0968,0.0033
art-202304-0024,2023-04-25,Sistem Drainase Baru untuk Kawasan Pesisir Utara,Proyek perbaikan drainase senilai Rp 500 miliar dimulai untuk mengatasi banjir tahunan.,Kontan,https://example.com/news/art-202304-0024,local,Jakarta Utara,infrastructure,0.0146,0.1385,0.002
art-202305-0025,2023-05-14,Volume Transaksi Properti Turun 15% Tahunan,Data BPS menunjukkan penurunan volume transaksi properti dibandingkan tahun lalu.,Kompas.com,https://example.com/news/art-202305-0025,national,,market,-0.7,0.8,-0.56
art-202305-0026,2023-05-01,Daya Beli Masyarakat untuk Properti Menurun,Survei menunjukkan penurunan kemampuan masyarakat membeli rumah.,Kompas.com,https://example.com/news/art-202305-0026,national,,economy,-0.65,0.75,-0.4875
art-202305-0027,2023-05-30,Harga Properti Pondok Indah Tembus Rekor Baru,Kawasan Pondok Indah mencatat harga tanah tertinggi sepanjang sejarah.,Kompas.com,https://example.com/news/art-202305-0027,local,Jakarta Selatan,market,0.0205,0.085,0.0017
art-202305-0028,2023-05-07,LRT Jabodebek Tingkatkan Konektivitas Jakarta Selatan,Pengoperasian LRT membuka akses baru ke kawasan premium di selatan Jakarta.,Bisnis Indonesia,https://example.com/news/art-202305-0028,local,Jakarta Selatan,infrastructure,0.0475,0.1342,0.0064
art-202305-0029,2023-05-01,Taman Kota Seluas 5 Hektar Dibangun di Jagakarsa,"Pemda DKI membangun taman kota baru lengkap dengan jogging track, playground, dan skatepark.",Bisnis Indonesia,https://example.com/news/art-202305-0029,regional,Jakarta Selatan,development,0.0366,0.1045,0.0038
art-202305-0030,2023-05-27,Hotel Bintang 5 Baru di Koridor Thamrin,Jaringan hotel internasional membangun properti bintang 5 baru di Jalan Thamrin.,CNBC Indonesia,https://example.com/news/art-202305-0030,local,Jakarta Pusat,development,0.011,0.115,0.0013
art-202305-0031,2023-05-03,Jaringan Listrik Bawah Tanah untuk Kawasan Menteng,PLN menyelesaikan proyek kabel listrik bawah tanah di kawasan heritage Menteng.,Bisnis Indonesia,https://example.com/news/art-202305-0031,local,Jakarta Pusat,infrastructure,0.0198,0.0741,0.0015
art-202305-0032,2023-05-05,Pusat Kebudayaan Nasional Baru di Kemayoran,"Kompleks kebudayaan mencakup galeri seni, auditorium, dan museum akan dibangun di Kemayoran.",Kontan,https://example.com/news/art-202305-0032,regional,Jakarta Pusat,development,0.0179,0.1032,0.0018
art-202305-0033,2023-05-14,Tol Tangerang-Jakarta Ruas Baru Dibuka,Pembukaan ruas tol baru mempersingkat waktu tempuh Jakarta Barat ke Tangerang.,CNBC Indonesia,https://example.com/news/art-202305-0033,local,Jakarta Barat,infrastructure,0.033,0.0765,0.0025
art-202305-0034,2023-05-23,Pasar Properti Cengkareng Tumbuh Stabil,Kawasan Cengkareng mencatat pertumbuhan transaksi properti yang konsisten.,Jakarta Post,https://example.com/news/art-202305-0034,local,Jakarta Barat,market,0.0289,0.1029,0.003
art-202305-0035,2023-05-04,Banjir Rendam Kawasan Kalideres Jakarta Barat,Hujan deras mengakibatkan genangan di beberapa titik di Kalideres.,Bisnis Indonesia,https://example.com/news/art-202305-0035,regional,Jakarta Barat,disaster,-0.0385,0.0938,-0.0036
art-202305-0036,2023-05-08,Pelebaran Jalan Raya Bogor Selesai Tahap Pertama,"Pelebaran Jalan Raya Bogor dari Pasar Rebo hingga Ciracas rampung, lalu lintas membaik.",Kompas.com,https://example.com/news/art-202305-0036,local,Jakarta Timur,infrastructure,0.0235,0.1088,0.0026
art-202305-0037,2023-05-11,Kawasan TOD Baru di Stasiun Jatinegara,Pengembangan transit-oriented development di sekitar Stasiun Jatinegara diumumkan.,Kompas.com,https://example.com/news/art-202305-0037,regional,Jakarta Timur,development,0.0174,0.0547,0.0009
art-202305-0038,2023-05-24,Modernisasi Pelabuhan Tanjung Priok Rampung,Peningkatan kapasitas pelabuhan diharapkan mendorong ekonomi Jakarta Utara.,Bisnis Indonesia,https://example.com/news/art-202305-0038,local,Jakarta Utara,infrastructure,0.0211,0.0985,0.0021
art-202306-0039,2023-06-16,Tanda Stabilisasi Pasar Mulai Terlihat,Indikator pasar properti menunjukkan koreksi mulai mereda di kuartal kedua 2023.,Bisnis Indonesia,https://example.com/news/art-202306-0039,national,,economy,-0.4,0.7,-0.28
art-202306-0040,2023-06-16,Pengembang Optimis Pasar Pulih Semester Kedua,Asosiasi pengembang memperkirakan pemulihan bertahap mulai paruh kedua 2023.,Kompas.com,https://example.com/news/art-202306-0040,national,,market,-0.3,0.65,-0.195
art-202306-0041,2023-06-15,Jalan Layang Antasari-Blok M Resmi Beroperasi,Jalan layang baru memangkas waktu tempuh Antasari ke Blok M dari 45 menjadi 15 menit.,Detik Finance,https://example.com/news/art-202306-0041,local,Jakarta Selatan,infrastructure,0.0204,0.0931,0.0019
art-202306-0042,2023-06-11,Terowongan Bawah Tanah Tanah Abang-Sudirman Disetujui,Proyek terowongan kendaraan akan menghubungkan Tanah Abang langsung ke Sudirman tanpa macet.,Detik Finance,https://example.com/news/art-202306-0042,local,Jakarta Pusat,infrastructure,0.0743,0.0598,0.0044
art-202306-0043,2023-06-09,RS Ibu dan Anak Baru Beroperasi di Kebon Jeruk,Rumah sakit spesialis ibu dan anak dengan 150 bed resmi beroperasi di Kebon Jeruk.,Detik Finance,https://example.com/news/art-202306-0043,local,Jakarta Barat,development,0.021,0.0814,0.0017
art-202306-0044,2023-06-18,Gardu Induk PLN Baru untuk Jakarta Timur Beroperasi,Gardu induk 150 kV baru meningkatkan keandalan pasokan listrik untuk 200.000 pelanggan.,Kompas.com,https://example.com/news/art-202306-0044,local,Jakarta Timur,infrastructure,0.0485,0.105,0.0051
art-202306-0045,2023-06-07,Jaringan Fiber Optik 5G Diperluas ke Seluruh Jakarta Utara,Operator telekomunikasi menyelesaikan pemasangan jaringan 5G untuk kawasan Jakarta Utara.,Bisnis Indonesia,https://example.com/news/art-202306-0045,local,Jakarta Utara,infrastructure,0.0476,0.0666,0.0032
art-202307-0046,2023-07-26,Jalan Layang Antasari-Blok M Resmi Beroperasi,Jalan layang baru memangkas waktu tempuh Antasari ke Blok M dari 45 menjadi 15 menit.,Tribun News,https://example.com/news/art-202307-0046,local,Jakarta Selatan,infrastructure,0.018,0.089,0.0016
art-202307-0047,2023-07-16,Terowongan Bawah Tanah Tanah Abang-Sudirman Disetujui,Proyek terowongan kendaraan akan menghubungkan Tanah Abang langsung ke Sudirman tanpa macet.,Jakarta Post,https://example.com/news/art-202307-0047,local,Jakarta Pusat,infrastructure,0.0618,0.1283,0.0079
art-202307-0048,2023-07-24,Hotel Bintang 5 Baru di Koridor Thamrin,Jaringan hotel internasional membangun properti bintang 5 baru di Jalan Thamrin.,Bisnis Indonesia,https://example.com/news/art-202307-0048,regional,Jakarta Pusat,development,0.0577,0.0905,0.0052
art-202307-0049,2023-07-06,Pengembangan Township Baru di Jakarta Barat,Proyek kota mandiri berskala besar diumumkan untuk kawasan barat Jakarta.,CNBC Indonesia,https://example.com/news/art-202307-0049,local,Jakarta Barat,development,0.0412,0.0852,0.0035
art-202307-0050,2023-07-28,Stasiun KRL Baru di Kembangan Beroperasi,Stasiun commuter line baru meningkatkan aksesibilitas kawasan barat Jakarta.,Kompas.com,https://example.com/news/art-202307-0050,regional,Jakarta Barat,infrastructure,0.053,0.0569,0.003
art-202307-0051,2023-07-02,Gardu Induk PLN Baru untuk Jakarta Timur Beroperasi,Gardu induk 150 kV baru meningkatkan keandalan pasokan listrik untuk 200.000 pelanggan.,Bisnis Indonesia,https://example.com/news/art-202307-0051,local,Jakarta Timur,infrastructure,0.0555,0.107,0.0059
art-202307-0052,2023-07-22,Modernisasi Pelabuhan Tanjung Priok Rampung,Peningkatan kapasitas pelabuhan diharapkan mendorong ekonomi Jakarta Utara.,Detik Finance,https://example.com/news/art-202307-0052,local,Jakarta Utara,infrastructure,0.0408,0.0816,0.0033
art-202308-0053,2023-08-25,Jaringan Pipa Gas Baru untuk Kawasan Kebayoran,PGN menyelesaikan instalasi jaringan gas rumah tangga untuk 10.000 rumah di Kebayoran.,Detik Finance,https://example.com/news/art-202308-0053,local,Jakarta Selatan,infrastructure,0.0482,0.08,0.0039
art-202308-0054,2023-08-07,Pusat Kebudayaan Nasional Baru di Kemayoran,"Kompleks kebudayaan mencakup galeri seni, auditorium, dan museum akan dibangun di Kemayoran.",Kompas.com,https://example.com/news/art-202308-0054,local,Jakarta Pusat,development,0.0625,0.1197,0.0075
art-202308-0055,2023-08-06,Pasar Properti Cengkareng Tumbuh Stabil,Kawasan Cengkareng mencatat pertumbuhan transaksi properti yang konsisten.,Detik Finance,https://example.com/news/art-202308-0055,local,Jakarta Barat,market,0.0373,0.1115,0.0042
art-202308-0056,2023-08-01,Kawasan TOD Baru di Stasiun Jatinegara,Pengembangan transit-oriented development di sekitar Stasiun Jatinegara diumumkan.,Jakarta Post,https://example.com/news/art-202308-0056,local,Jakarta Timur,development,0.0459,0.1191,0.0055
art-202308-0057,2023-08-29,Kawasan TOD Baru di Stasiun Jatinegara,Pengembangan transit-oriented development di sekitar Stasiun Jatinegara diumumkan.,Kompas.com,https://example.com/news/art-202308-0057,local,Jakarta Timur,development,0.0436,0.1152,0.005
art-202308-0058,2023-08-20,Jalan Tol JORR Timur Selesai Diperbaiki,Perbaikan ruas JORR timur meningkatkan konektivitas Jakarta Timur.,Detik Finance,https://example.com/news/art-202308-0058,regional,Jakarta Timur,infrastructure,0.025,0.1053,0.0026
art-202308-0059,2023-08-16,Jalan Tol Akses Baru ke Pelabuhan Utara Dibuka,Akses tol baru mempersingkat waktu tempuh ke kawasan pelabuhan Jakarta Utara.,Detik Finance,https://example.com/news/art-202308-0059,local,Jakarta Utara,infrastructure,0.0301,0.1134,0.0034
art-202308-0060,2023-08-02,Jaringan Fiber Optik 5G Diperluas ke Seluruh Jakarta Utara,Operator telekomunikasi menyelesaikan pemasangan jaringan 5G untuk kawasan Jakarta Utara.,CNBC Indonesia,https://example.com/news/art-202308-0060,regional,Jakarta Utara,infrastructure,0.023,0.1134,0.0026
art-202309-0061,2023-09-18,Taman Kota Seluas 5 Hektar Dibangun di Jagakarsa,"Pemda DKI membangun taman kota baru lengkap dengan jogging track, playground, dan skatepark.",Kontan,https://example.com/news/art-202309-0061,local,Jakarta Selatan,development,0.0472,0.0683,0.0032
art-202309-0062,2023-09-18,Regulasi Zonasi Baru untuk CBD Jakarta Pusat,Pemerintah provinsi mengumumkan pembaruan zonasi untuk kawasan bisnis pusat Jakarta.,Tribun News,https://example.com/news/art-202309-0062,local,Jakarta Pusat,policy,-0.0219,0.1383,-0.003
art-202309-0063,2023-09-02,Regulasi Zonasi Baru untuk CBD Jakarta Pusat,Pemerintah provinsi mengumumkan pembaruan zonasi untuk kawasan bisnis pusat Jakarta.,Detik Finance,https://example.com/news/art-202309-0063,local,Jakarta Pusat,policy,0.0017,0.1053,0.0002
art-202309-0064,2023-09-07,Stasiun MRT Baru di Glodok Mulai Konstruksi,Pembangunan stasiun MRT fase 2 di Glodok meningkatkan konektivitas Kota Tua.,CNBC Indonesia,https://example.com/news/art-202309-0064,regional,Jakarta Pusat,infrastructure,0.0688,0.1361,0.0094
art-202309-0065,2023-09-14,RS Ibu dan Anak Baru Beroperasi di Kebon Jeruk,Rumah sakit spesialis ibu dan anak dengan 150 bed resmi beroperasi di Kebon Jeruk.,CNBC Indonesia,https://example.com/news/art-202309-0065,local,Jakarta Barat,development,0.0253,0.1046,0.0026
art-202309-0066,2023-09-06,Pasar Properti Cengkareng Tumbuh Stabil,Kawasan Cengkareng mencatat pertumbuhan transaksi properti yang konsisten.,Kompas.com,https://example.com/news/art-202309-0066,local,Jakarta Barat,market,0.0337,0.1148,0.0039
art-202309-0067,2023-09-30,Klaster Perumahan Baru Sasar Milenial di Cakung,Pengembang luncurkan 500 unit rumah terjangkau khusus untuk pembeli milenial di Cakung.,Detik Finance,https://example.com/news/art-202309-0067,local,Jakarta Timur,development,0.0232,0.1016,0.0024
art-202309-0068,2023-09-04,Jaringan Fiber Optik 5G Diperluas ke Seluruh Jakarta Utara,Operator telekomunikasi menyelesaikan pemasangan jaringan 5G untuk kawasan Jakarta Utara.,Kontan,https://example.com/news/art-202309-0068,local,Jakarta Utara,infrastructure,0.0536,0.0767,0.0041
art-202309-0069,2023-09-30,Mall Premium Baru Dibuka di PIK Avenue,Pusat perbelanjaan premium baru dengan lebih dari 200 tenant resmi beroperasi di PIK Avenue.,Kompas.com,https://example.com/news/art-202309-0069,local,Jakarta Utara,development,0.0228,0.0829,0.0019
art-202309-0070,2023-09-09,Perkembangan Ibu Kota Nusantara (IKN),Progres pembangunan ibu kota baru Nusantara di Kalimantan Timur dilaporkan.,Detik Finance,https://example.com/news/art-202309-0070,national,,economy,-0.0058,0.0962,-0.0006
art-202310-0071,2023-10-27,Ruang Terbuka Hijau Jakarta Selatan Bertambah,Pemkot DKI Jakarta meresmikan taman kota baru di kawasan Kebayoran Lama.,Detik Finance,https://example.com/news/art-202310-0071,local,Jakarta Selatan,environment,0.0336,0.0949,0.0032
art-202310-0072,2023-10-09,Moratorium Pembangunan Hotel di Kawasan Thamrin,Kebijakan pembatasan pembangunan hotel baru di koridor Thamrin-Sudirman berlaku efektif.,Tribun News,https://example.com/news/art-202310-0072,local,Jakarta Pusat,policy,0.0402,0.0679,0.0027
art-202310-0073,2023-10-17,Pedestrianisasi Jalan Sabang Selesai,Proyek pedestrianisasi kawasan kuliner Sabang meningkatkan kualitas ruang publik Jakarta Pusat.,Detik Finance,https://example.com/news/art-202310-0073,regional,Jakarta Pusat,infrastructure,0.0348,0.1286,0.0045
art-202310-0074,2023-10-01,Data Center Hyperscale Dibangun di Kawasan Industri Barat,Perusahaan teknologi global membangun data center berskala besar di Jakarta Barat.,Kontan,https://example.com/news/art-202310-0074,local,Jakarta Barat,development,0.0454,0.0678,0.0031
art-202310-0075,2023-10-14,Kawasan TOD Baru di Stasiun Jatinegara,Pengembangan transit-oriented development di sekitar Stasiun Jatinegara diumumkan.,Kompas.com,https://example.com/news/art-202310-0075,local,Jakarta Timur,development,0.0589,0.1016,0.006
art-202310-0076,2023-10-28,Jalan Tol JORR Timur Selesai Diperbaiki,Perbaikan ruas JORR timur meningkatkan konektivitas Jakarta Timur.,Detik Finance,https://example.com/news/art-202310-0076,local,Jakarta Timur,infrastructure,0.0479,0.083,0.004
art-202310-0077,2023-10-23,Klaster Perumahan Baru Sasar Milenial di Cakung,Pengembang luncurkan 500 unit rumah terjangkau khusus untuk pembeli milenial di Cakung.,Detik Finance,https://example.com/news/art-202310-0077,regional,Jakarta Timur,development,0.0409,0.0967,0.004
art-202310-0078,2023-10-24,Sekolah Internasional Baru Hadir di Pantai Indah Kapuk,Sekolah internasional berkurikulum Cambridge akan dibuka untuk melayani keluarga di PIK dan sekitarnya.,Detik Finance,https://example.com/news/art-202310-0078,local,Jakarta Utara,development,0.029,0.0965,0.0028
art-202310-0079,2023-10-10,Jakarta Targetkan Net Zero Emission Bangunan 2050,Pemda DKI Jakarta menetapkan roadmap menuju bangunan nol emisi karbon pada 2050.,Kompas.com,https://example.com/news/art-202310-0079,national,,environment,-0.001,0.0884,-0.0001
art-202311-0080,2023-11-15,Proyek Residensial Premium Baru di Kebayoran,Pengembang luncurkan hunian mewah berkonsep smart home di kawasan Kebayoran Baru.,Bisnis Indonesia,https://example.com/news/art-202311-0080,local,Jakarta Selatan,development,0.0456,0.0958,0.0044
art-202311-0081,2023-11-03,Pusat Kebudayaan Nasional Baru di Kemayoran,"Kompleks kebudayaan mencakup galeri seni, auditorium, dan museum akan dibangun di Kemayoran.",Kompas.com,https://example.com/news/art-202311-0081,local,Jakarta Pusat,development,0.0587,0.1057,0.0062
art-202311-0082,2023-11-25,Revitalisasi Pasar Tanah Abang Dimulai,Proyek modernisasi pasar terbesar di Asia Tenggara resmi dimulai.,Kompas.com,https://example.com/news/art-202311-0082,local,Jakarta Pusat,development,0.0492,0.0933,0.0046
art-202311-0083,2023-11-16,Hotel Bintang 5 Baru di Koridor Thamrin,Jaringan hotel internasional membangun properti bintang 5 baru di Jalan Thamrin.,Kompas.com,https://example.com/news/art-202311-0083,regional,Jakarta Pusat,development,0.0536,0.0603,0.0032
art-202311-0084,2023-11-07,Banjir Rendam Kawasan Kalideres Jakarta Barat,Hujan deras mengakibatkan genangan di beberapa titik di Kalideres.,Jakarta Post,https://example.com/news/art-202311-0084,local,Jakarta Barat,disaster,-0.0562,0.0914,-0.0051
art-202311-0085,2023-11-23,Harga Lahan Industri Jakarta Barat Naik,Permintaan lahan industri dan logistik di koridor barat Jakarta meningkat tajam.,Kompas.com,https://example.com/news/art-202311-0085,local,Jakarta Barat,market,0.0362,0.078,0.0028
art-202311-0086,2023-11-06,Harga Lahan Industri Jakarta Barat Naik,Permintaan lahan industri dan logistik di koridor barat Jakarta meningkat tajam.,Detik Finance,https://example.com/news/art-202311-0086,regional,Jakarta Barat,market,0.0512,0.0575,0.0029
art-202311-0087,2023-11-15,Permintaan Rumah Terjangkau di Jakarta Timur Melonjak,Pembeli rumah pertama semakin memilih kawasan timur Jakarta karena harga yang lebih terjangkau.,CNBC Indonesia,https://example.com/news/art-202311-0087,local,Jakarta Timur,market,0.0238,0.0674,0.0016
art-202311-0088,2023-11-11,Flyover Cipinang-Jatinegara Mulai Dibangun,Flyover baru akan mengurai kemacetan di persimpangan padat Cipinang-Jatinegara.,Bisnis Indonesia,https://example.com/news/art-202311-0088,local,Jakarta Timur,infrastructure,0.0404,0.1031,0.0042
art-202311-0089,2023-11-18,RS Internasional Baru Dibangun di Kelapa Gading,Rumah sakit berstandar internasional dengan 300 bed akan dibangun di kawasan Kelapa Gading.,CNBC Indonesia,https://example.com/news/art-202311-0089,local,Jakarta Utara,development,0.0651,0.0853,0.0056
art-202312-0090,2023-12-09,Permintaan Ekspat Dorong Harga Sewa di Senayan,Komunitas ekspatriat yang berkembang mendorong kenaikan harga sewa di kawasan premium Jakarta Selatan.,CNBC Indonesia,https://example.com/news/art-202312-0090,local,Jakarta Selatan,market,0.0415,0.1026,0.0043
art-202312-0091,2023-12-03,Taman Kota Seluas 5 Hektar Dibangun di Jagakarsa,"Pemda DKI membangun taman kota baru lengkap dengan jogging track, playground, dan skatepark.",Detik Finance,https://example.com/news/art-202312-0091,local,Jakarta Selatan,development,0.0443,0.0939,0.0042
art-202312-0092,2023-12-08,Revitalisasi Pasar Tanah Abang Dimulai,Proyek modernisasi pasar terbesar di Asia Tenggara resmi dimulai.,Kompas.com,https://example.com/news/art-202312-0092,local,Jakarta Pusat,development,0.0352,0.0878,0.0031
art-202312-0093,2023-12-15,Superblok Baru Direncanakan di Dekat Monas,Proyek pengembangan mixed-use berskala besar diumumkan untuk area sekitar Monas.,Detik Finance,https://example.com/news/art-202312-0093,regional,Jakarta Pusat,development,0.0298,0.079,0.0024
art-202312-0094,2023-12-31,Green Office Park Baru di Puri Indah,Kawasan perkantoran berkonsep hijau akan dibangun di koridor Puri Indah.,Kontan,https://example.com/news/art-202312-0094,local,Jakarta Barat,development,0.0562,0.0773,0.0043
art-202312-0095,2023-12-28,Waduk Retensi Baru di Cipinang Selesai Dibangun,Waduk baru berkapasitas 1 juta meter kubik mengurangi risiko banjir di Jakarta Timur.,Kontan,https://example.com/news/art-202312-0095,local,Jakarta Timur,infrastructure,0.0204,0.0852,0.0017
art-202312-0096,2023-12-26,Klaster Perumahan Baru Sasar Milenial di Cakung,Pengembang luncurkan 500 unit rumah terjangkau khusus untuk pembeli milenial di Cakung.,Kontan,https://example.com/news/art-202312-0096,local,Jakarta Timur,development,0.0536,0.0877,0.0047
art-202312-0097,2023-12-22,Kualitas Air Bersih di Jakarta Utara Memburuk,Pencemaran air tanah di wilayah pesisir utara semakin meningkat akibat intrusi air laut.,Detik Finance,https://example.com/news/art-202312-0097,local,Jakarta Utara,environment,-0.0456,0.084,-0.0038
art-202312-0098,2023-12-18,PDB Indonesia Tumbuh di Atas Ekspektasi,Pertumbuhan ekonomi Indonesia melampaui proyeksi analis untuk kuartal ini.,Tribun News,https://example.com/news/art-202312-0098,national,,economy,0.0549,0.1144,0.0063
art-202401-0099,2024-01-13,Banjir Besar Jakarta Utara Terjang Ribuan Rumah,Banjir terparah dalam 5 tahun melanda kawasan pesisir Jakarta Utara.,Kompas.com,https://example.com/news/art-202401-0099,national,,disaster,-0.9,0.9,-0.81
art-202401-0100,2024-01-22,Kerugian Banjir Jakarta Utara Capai Triliunan Rupiah,Kerugian material akibat banjir diperkirakan mencapai Rp 2 triliun.,Bisnis Indonesia,https://example.com/news/art-202401-0100,national,,disaster,-0.85,0.85,-0.7225
art-202401-0101,2024-01-21,Ribuan Warga Jakarta Utara Mengungsi,Evakuasi besar-besaran dilakukan di kawasan Penjaringan dan Cilincing.,Kompas.com,https://example.com/news/art-202401-0101,national,,disaster,-0.8,0.8,-0.64
art-202401-0102,2024-01-07,Jalan Layang Antasari-Blok M Resmi Beroperasi,Jalan layang baru memangkas waktu tempuh Antasari ke Blok M dari 45 menjadi 15 menit.,Detik Finance,https://example.com/news/art-202401-0102,local,Jakarta Selatan,infrastructure,0.0507,0.055,0.0028
art-202401-0103,2024-01-09,Smart Traffic System Dipasang di 50 Persimpangan Pusat,Sistem lampu lalu lintas cerdas berbasis AI mengurangi kemacetan 25% di Jakarta Pusat.,CNBC Indonesia,https://example.com/news/art-202401-0103,local,Jakarta Pusat,infrastructure,0.0372,0.1252,0.0047
art-202401-0104,2024-01-21,Pengembangan Township Baru di Jakarta Barat,Proyek kota mandiri berskala besar diumumkan untuk kawasan barat Jakarta.,Detik Finance,https://example.com/news/art-202401-0104,local,Jakarta Barat,development,0.0446,0.12,0.0053
art-202401-0105,2024-01-27,Banjir Rendam Kawasan Kalideres Jakarta Barat,Hujan deras mengakibatkan genangan di beberapa titik di Kalideres.,Kompas.com,https://example.com/news/art-202401-0105,regional,Jakarta Barat,disaster,-0.0569,0.0531,-0.003
art-202401-0106,2024-01-31,Pusat Komersial Baru Direncanakan di Cipinang,Proyek pengembangan retail dan perkantoran baru akan dibangun di Cipinang.,Kompas.com,https://example.com/news/art-202401-0106,local,Jakarta Timur,development,0.0312,0.0831,0.0026
art-202401-0107,2024-01-24,Kawasan TOD Baru di Stasiun Jatinegara,Pengembangan transit-oriented development di sekitar Stasiun Jatinegara diumumkan.,Jakarta Post,https://example.com/news/art-202401-0107,regional,Jakarta Timur,development,0.0515,0.0617,0.0032
art-202401-0108,2024-01-01,Banjir Melanda Kawasan Pesisir Jakarta Utara,"Banjir rob kembali menerjang permukiman warga di wilayah pesisir Jakarta Utara, menyebabkan kerugian material yang signifikan.",Kompas.com,https://example.com/news/art-202401-0108,local,Jakarta Utara,disaster,-0.0288,0.1465,-0.0042
art-202401-0109,2024-01-31,Jaringan Fiber Optik 5G Diperluas ke Seluruh Jakarta Utara,Operator telekomunikasi menyelesaikan pemasangan jaringan 5G untuk kawasan Jakarta Utara.,Detik Finance,https://example.com/news/art-202401-0109,local,Jakarta Utara,infrastructure,0.0451,0.1408,0.0064
art-202402-0110,2024-02-23,Pemulihan Pasca Banjir Jakarta Utara Berjalan Lambat,Proses rehabilitasi rumah warga terdampak banjir masih terkendala.,Kompas.com,https://example.com/news/art-202402-0110,national,,disaster,-0.7,0.8,-0.56
art-202402-0111,2024-02-08,Harga Properti Pesisir Utara Tertekan Pasca Banjir,Pasar properti di Jakarta Utara mengalami penurunan permintaan.,CNBC Indonesia,https://example.com/news/art-202402-0111,national,,environment,-0.65,0.75,-0.4875
art-202402-0112,2024-02-26,Pusat Perbelanjaan Baru Hadir di Cilandak,Mall lifestyle berkonsep open-air dengan 150 tenant akan dibuka di Cilandak Town Square.,CNBC Indonesia,https://example.com/news/art-202402-0112,local,Jakarta Selatan,development,0.035,0.0979,0.0034
art-202402-0113,2024-02-11,Hotel Bintang 5 Baru di Koridor Thamrin,Jaringan hotel internasional membangun properti bintang 5 baru di Jalan Thamrin.,Bisnis Indonesia,https://example.com/news/art-202402-0113,local,Jakarta Pusat,development,0.0395,0.0759,0.003
art-202402-0114,2024-02-29,Gedung Perkantoran Grade A Baru di SCBD,Menara perkantoran 50 lantai berkonsep green building mulai konstruksi di SCBD.,Detik Finance,https://example.com/news/art-202402-0114,regional,Jakarta Pusat,development,0.0408,0.0803,0.0033
art-202402-0115,2024-02-09,Harga Lahan Industri Jakarta Barat Naik,Permintaan lahan industri dan logistik di koridor barat Jakarta meningkat tajam.,Tribun News,https://example.com/news/art-202402-0115,local,Jakarta Barat,market,0.0391,0.1014,0.004
art-202402-0116,2024-02-11,RSUD Baru Tipe B Dibangun di Duren Sawit,Rumah sakit umum daerah baru dengan 250 bed mulai dibangun untuk melayani warga Jakarta Timur.,Bisnis Indonesia,https://example.com/news/art-202402-0116,local,Jakarta Timur,development,0.0417,0.1078,0.0045
art-202402-0117,2024-02-08,Pasar Rakyat Modern Dibuka di Kramat Jati,Pasar tradisional Kramat Jati selesai direvitalisasi menjadi pasar modern berfasilitas lengkap.,CNBC Indonesia,https://example.com/news/art-202402-0117,local,Jakarta Timur,development,0.0563,0.0561,0.0032
art-202402-0118,2024-02-06,Kawasan Reklamasi Jakarta Utara Tarik Investasi Baru,Pengembang besar mengumumkan proyek mixed-use di area reklamasi pantai utara Jakarta.,CNBC Indonesia,https://example.com/news/art-202402-0118,local,Jakarta Utara,development,0.0255,0.052,0.0013
art-202402-0119,2024-02-20,Kualitas Air Bersih di Jakarta Utara Memburuk,Pencemaran air tanah di wilayah pesisir utara semakin meningkat akibat intrusi air laut.,Detik Finance,https://example.com/news/art-202402-0119,local,Jakarta Utara,environment,-0.0555,0.0681,-0.0038
art-202403-0120,2024-03-14,Rumah Sakit Tipe A Baru Dibangun di Pasar Minggu,RS tipe A dengan fasilitas lengkap termasuk helipad dan pusat jantung mulai dibangun di Pasar Minggu.,Kompas.com,https://example.com/news/art-202403-0120,local,Jakarta Selatan,development,0.0533,0.0634,0.0034
art-202403-0121,2024-03-03,Terowongan Bawah Tanah Tanah Abang-Sudirman Disetujui,Proyek terowongan kendaraan akan menghubungkan Tanah Abang langsung ke Sudirman tanpa macet.,Kontan,https://example.com/news/art-202403-0121,local,Jakarta Pusat,infrastructure,0.0603,0.0991,0.006
art-202403-0122,2024-03-18,Gedung Perkantoran Grade A Baru di SCBD,Menara perkantoran 50 lantai berkonsep green building mulai konstruksi di SCBD.,Detik Finance,https://example.com/news/art-202403-0122,regional,Jakarta Pusat,development,0.0305,0.0965,0.0029
art-202403-0123,2024-03-15,Data Center Hyperscale Dibangun di Kawasan Industri Barat,Perusahaan teknologi global membangun data center berskala besar di Jakarta Barat.,Detik Finance,https://example.com/news/art-202403-0123,local,Jakarta Barat,development,0.0622,0.0885,0.0055
art-202403-0124,2024-03-04,Sekolah Bertaraf Internasional Baru di Meruya,Sekolah dengan kurikulum nasional plus dan fasilitas modern dibuka di Meruya Utara.,Kompas.com,https://example.com/news/art-202403-0124,local,Jakarta Barat,development,0.0324,0.0584,0.0019
art-202403-0125,2024-03-25,Flyover Cipinang-Jatinegara Mulai Dibangun,Flyover baru akan mengurai kemacetan di persimpangan padat Cipinang-Jatinegara.,Kontan,https://example.com/news/art-202403-0125,local,Jakarta Timur,infrastructure,0.0306,0.0984,0.003
art-202403-0126,2024-03-08,Permintaan Rumah Terjangkau di Jakarta Timur Melonjak,Pembeli rumah pertama semakin memilih kawasan timur Jakarta karena harga yang lebih terjangkau.,Kompas.com,https://example.com/news/art-202403-0126,local,Jakarta Timur,market,0.0332,0.057,0.0019
art-202403-0127,2024-03-02,Koridor TransJakarta Baru ke Pulogebang Beroperasi,Rute BRT baru menghubungkan Terminal Pulogebang langsung ke Kampung Melayu.,Kompas.com,https://example.com/news/art-202403-0127,regional,Jakarta Timur,infrastructure,0.0493,0.0627,0.0031
art-202403-0128,2024-03-04,Tanggul Laut Jakarta Utara Jebol Akibat Gelombang Tinggi,"Gelombang pasang merusak tanggul pelindung di kawasan Muara Baru, mengancam permukiman sekitar.",Kontan,https://example.com/news/art-202403-0128,local,Jakarta Utara,disaster,-0.029,0.1138,-0.0033
art-202403-0129,2024-03-06,Sistem Drainase Baru untuk Kawasan Pesisir Utara,Proyek perbaikan drainase senilai Rp 500 miliar dimulai untuk mengatasi banjir tahunan.,Detik Finance,https://example.com/news/art-202403-0129,local,Jakarta Utara,infrastructure,0.0373,0.0969,0.0036
art-202403-0130,2024-03-19,Tol Trans Jawa Seluruh Ruas Beroperasi Penuh,"Seluruh ruas jalan tol Trans Jawa resmi beroperasi, menghubungkan Anyer hingga Surabaya.",Bisnis Indonesia,https://example.com/news/art-202403-0130,national,,infrastructure,0.0248,0.0565,0.0014
art-202404-0131,2024-04-03,Pusat Perbelanjaan Baru Hadir di Cilandak,Mall lifestyle berkonsep open-air dengan 150 tenant akan dibuka di Cilandak Town Square.,Tribun News,https://example.com/news/art-202404-0131,local,Jakarta Selatan,development,0.0283,0.1068,0.003
art-202404-0132,2024-04-26,Ruang Terbuka Hijau Jakarta Selatan Bertambah,Pemkot DKI Jakarta meresmikan taman kota baru di kawasan Kebayoran Lama.,Jakarta Post,https://example.com/news/art-202404-0132,local,Jakarta Selatan,environment,0.027,0.1035,0.0028
art-202404-0133,2024-04-14,Gedung Perkantoran Grade A Baru di SCBD,Menara perkantoran 50 lantai berkonsep green building mulai konstruksi di SCBD.,Bisnis Indonesia,https://example.com/news/art-202404-0133,local,Jakarta Pusat,development,0.0583,0.0708,0.0041
art-202404-0134,2024-04-25,Hotel Bintang 5 Baru di Koridor Thamrin,Jaringan hotel internasional membangun properti bintang 5 baru di Jalan Thamrin.,Kontan,https://example.com/news/art-202404-0134,local,Jakarta Pusat,development,0.0468,0.0927,0.0043
art-202404-0135,2024-04-03,Superblok Baru Direncanakan di Dekat Monas,Proyek pengembangan mixed-use berskala besar diumumkan untuk area sekitar Monas.,Kompas.com,https://example.com/news/art-202404-0135,regional,Jakarta Pusat,development,0.0474,0.061,0.0029
art-202404-0136,2024-04-08,Pengembangan Township Baru di Jakarta Barat,Proyek kota mandiri berskala besar diumumkan untuk kawasan barat Jakarta.,Detik Finance,https://example.com/news/art-202404-0136,local,Jakarta Barat,development,0.0399,0.0916,0.0037
art-202404-0137,2024-04-09,Sekolah Bertaraf Internasional Baru di Meruya,Sekolah dengan kurikulum nasional plus dan fasilitas modern dibuka di Meruya Utara.,Kompas.com,https://example.com/news/art-202404-0137,regional,Jakarta Barat,development,0.0553,0.055,0.003
art-202404-0138,2024-04-08,Harga Properti Cakung Naik Signifikan,Kawasan Cakung mencatat kenaikan harga properti tertinggi di Jakarta Timur.,Kompas.com,https://example.com/news/art-202404-0138,local,Jakarta Timur,market,0.0546,0.0638,0.0035
art-202404-0139,2024-04-06,Pusat Komersial Baru Direncanakan di Cipinang,Proyek pengembangan retail dan perkantoran baru akan dibangun di Cipinang.,Kompas.com,https://example.com/news/art-202404-0139,local,Jakarta Timur,development,0.0588,0.1079,0.0063
art-202404-0140,2024-04-23,Sistem Drainase Baru untuk Kawasan Pesisir Utara,Proyek perbaikan drainase senilai Rp 500 miliar dimulai untuk mengatasi banjir tahunan.,Kompas.com,https://example.com/news/art-202404-0140,local,Jakarta Utara,infrastructure,0.0456,0.0789,0.0036
art-202404-0141,2024-04-15,Mall Premium Baru Dibuka di PIK Avenue,Pusat perbelanjaan premium baru dengan lebih dari 200 tenant resmi beroperasi di PIK Avenue.,Bisnis Indonesia,https://example.com/news/art-202404-0141,local,Jakarta Utara,development,0.0389,0.0691,0.0027
art-202404-0142,2024-04-03,Penurunan Tanah di Jakarta Utara Semakin Mengkhawatirkan,Studi terbaru menunjukkan laju penurunan muka tanah di Jakarta Utara mencapai 7 cm per tahun.,Detik Finance,https://example.com/news/art-202404-0142,regional,Jakarta Utara,environment,-0.0413,0.0726,-0.003
art-202405-0143,2024-05-22,Permintaan Ekspat Dorong Harga Sewa di Senayan,Komunitas ekspatriat yang berkembang mendorong kenaikan harga sewa di kawasan premium Jakarta Selatan.,Tribun News,https://example.com/news/art-202405-0143,local,Jakarta Selatan,market,0.0471,0.1166,0.0055
art-202405-0144,2024-05-17,Permintaan Ekspat Dorong Harga Sewa di Senayan,Komunitas ekspatriat yang berkembang mendorong kenaikan harga sewa di kawasan premium Jakarta Selatan.,Kompas.com,https://example.com/news/art-202405-0144,local,Jakarta Selatan,market,0.0472,0.1034,0.0049
art-202405-0145,2024-05-03,Superblok Baru Direncanakan di Dekat Monas,Proyek pengembangan mixed-use berskala besar diumumkan untuk area sekitar Monas.,Bisnis Indonesia,https://example.com/news/art-202405-0145,local,Jakarta Pusat,development,0.0463,0.0944,0.0044
art-202405-0146,2024-05-23,Sekolah Bertaraf Internasional Baru di Meruya,Sekolah dengan kurikulum nasional plus dan fasilitas modern dibuka di Meruya Utara.,Detik Finance,https://example.com/news/art-202405-0146,local,Jakarta Barat,development,0.0498,0.11,0.0055
art-202405-0147,2024-05-11,Sungai Ciliwung di Jakarta Timur Dinormalisasi,Proyek normalisasi sungai mengurangi risiko banjir di kawasan bantaran.,Bisnis Indonesia,https://example.com/news/art-202405-0147,local,Jakarta Timur,environment,0.0548,0.0885,0.0048
art-202405-0148,2024-05-27,Pelebaran Jalan Raya Bogor Selesai Tahap Pertama,"Pelebaran Jalan Raya Bogor dari Pasar Rebo hingga Ciracas rampung, lalu lintas membaik.",CNBC Indonesia,https://example.com/news/art-202405-0148,local,Jakarta Timur,infrastructure,0.0269,0.1273,0.0034
art-202405-0149,2024-05-20,Sistem Drainase Baru untuk Kawasan Pesisir Utara,Proyek perbaikan drainase senilai Rp 500 miliar dimulai untuk mengatasi banjir tahunan.,Bisnis Indonesia,https://example.com/news/art-202405-0149,local,Jakarta Utara,infrastructure,0.0415,0.0554,0.0023
art-202405-0150,2024-05-18,Sistem Drainase Baru untuk Kawasan Pesisir Utara,Proyek perbaikan drainase senilai Rp 500 miliar dimulai untuk mengatasi banjir tahunan.,Kompas.com,https://example.com/news/art-202405-0150,local,Jakarta Utara,infrastructure,0.0481,0.126,0.0061
art-202405-0151,2024-05-21,Kawasan Reklamasi Jakarta Utara Tarik Investasi Baru,Pengembang besar mengumumkan proyek mixed-use di area reklamasi pantai utara Jakarta.,Kompas.com,https://example.com/news/art-202405-0151,regional,Jakarta Utara,development,0.0568,0.0839,0.0048
art-202405-0152,2024-05-14,Perkembangan Ibu Kota Nusantara (IKN),Progres pembangunan ibu kota baru Nusantara di Kalimantan Timur dilaporkan.,Kompas.com,https://example.com/news/art-202405-0152,national,,economy,0.0241,0.0718,0.0017
art-202406-0153,2024-06-21,Koridor TransJakarta Baru Hubungkan Cilandak ke Sudirman,Rute BRT baru meningkatkan opsi transportasi umum untuk warga Cilandak dan sekitarnya.,Tribun News,https://example.com/news/art-202406-0153,local,Jakarta Selatan,infrastructure,0.0559,0.0613,0.0034
art-202406-0154,2024-06-16,Tingkat Hunian Perkantoran Jakarta Pusat Pulih,Occupancy rate kantor di CBD Jakarta kembali ke level pra-pandemi.,Detik Finance,https://example.com/news/art-202406-0154,local,Jakarta Pusat,market,0.0346,0.0994,0.0034
art-202406-0155,2024-06-24,Tol Tangerang-Jakarta Ruas Baru Dibuka,Pembukaan ruas tol baru mempersingkat waktu tempuh Jakarta Barat ke Tangerang.,Bisnis Indonesia,https://example.com/news/art-202406-0155,local,Jakarta Barat,infrastructure,0.0283,0.0691,0.002
art-202406-0156,2024-06-17,Koridor TransJakarta Baru ke Pulogebang Beroperasi,Rute BRT baru menghubungkan Terminal Pulogebang langsung ke Kampung Melayu.,Tribun News,https://example.com/news/art-202406-0156,local,Jakarta Timur,infrastructure,0.0526,0.0915,0.0048
art-202406-0157,2024-06-22,Perpanjangan LRT ke Bekasi via Jakarta Timur Disetujui,Rencana perpanjangan LRT dari Jakarta Timur ke Bekasi mendapat persetujuan pemerintah.,Bisnis Indonesia,https://example.com/news/art-202406-0157,regional,Jakarta Timur,infrastructure,0.064,0.1337,0.0086
art-202406-0158,2024-06-25,Sistem Drainase Baru untuk Kawasan Pesisir Utara,Proyek perbaikan drainase senilai Rp 500 miliar dimulai untuk mengatasi banjir tahunan.,Detik Finance,https://example.com/news/art-202406-0158,local,Jakarta Utara,infrastructure,0.0397,0.0984,0.0039
art-202406-0159,2024-06-13,Indeks Harga Properti Nasional Menunjukkan Tren Positif,Indeks harga properti residensial Indonesia mencatat kenaikan kuartalan.,Kompas.com,https://example.com/news/art-202406-0159,national,,market,0.0558,0.1187,0.0066
art-202407-0160,2024-07-25,Pemerintahan Baru Sinyal Kebijakan Pro-Pembangunan,Kabinet baru mengumumkan prioritas pembangunan infrastruktur dan perumahan rakyat.,Kompas.com,https://example.com/news/art-202407-0160,national,,policy,0.8,0.9,0.72
art-202407-0161,2024-07-11,Kepercayaan Investor Meningkat Pasca Pemilu,Survei menunjukkan peningkatan kepercayaan investor di sektor properti.,Detik Finance,https://example.com/news/art-202407-0161,national,,economy,0.75,0.85,0.6375
art-202407-0162,2024-07-23,Stimulus Fiskal untuk Sektor Properti Diumumkan,Pemerintah mengalokasikan anggaran khusus untuk mendorong sektor properti.,Kontan,https://example.com/news/art-202407-0162,national,,policy,0.7,0.8,0.56
art-202407-0163,2024-07-16,Jaringan Pipa Gas Baru untuk Kawasan Kebayoran,PGN menyelesaikan instalasi jaringan gas rumah tangga untuk 10.000 rumah di Kebayoran.,Tribun News,https://example.com/news/art-202407-0163,local,Jakarta Selatan,infrastructure,0.0489,0.1321,0.0065
art-202407-0164,2024-07-15,Hub Transit Bawah Tanah Sudirman Disetujui,"Proyek hub transit terintegrasi di bawah jalan Sudirman akan menghubungkan MRT, LRT, dan bus rapid transit.",CNBC Indonesia,https://example.com/news/art-202407-0164,local,Jakarta Pusat,infrastructure,0.0582,0.137,0.008
art-202407-0165,2024-07-05,Stasiun MRT Baru di Glodok Mulai Konstruksi,Pembangunan stasiun MRT fase 2 di Glodok meningkatkan konektivitas Kota Tua.,CNBC Indonesia,https://example.com/news/art-202407-0165,regional,Jakarta Pusat,infrastructure,0.0223,0.0644,0.0014
art-202407-0166,2024-07-21,Tol Tangerang-Jakarta Ruas Baru Dibuka,Pembukaan ruas tol baru mempersingkat waktu tempuh Jakarta Barat ke Tangerang.,Jakarta Post,https://example.com/news/art-202407-0166,local,Jakarta Barat,infrastructure,0.0611,0.0839,0.0051
art-202407-0167,2024-07-21,Sekolah Bertaraf Internasional Baru di Meruya,Sekolah dengan kurikulum nasional plus dan fasilitas modern dibuka di Meruya Utara.,Tribun News,https://example.com/news/art-202407-0167,regional,Jakarta Barat,development,0.0481,0.0874,0.0042
art-202407-0168,2024-07-08,Klaster Perumahan Baru Sasar Milenial di Cakung,Pengembang luncurkan 500 unit rumah terjangkau khusus untuk pembeli milenial di Cakung.,Jakarta Post,https://example.com/news/art-202407-0168,local,Jakarta Timur,development,0.0429,0.0879,0.0038
art-202407-0169,2024-07-14,Pusat Komersial Baru Direncanakan di Cipinang,Proyek pengembangan retail dan perkantoran baru akan dibangun di Cipinang.,Kontan,https://example.com/news/art-202407-0169,local,Jakarta Timur,development,0.0602,0.1198,0.0072
art-202407-0170,2024-07-01,Jalan Tol Akses Baru ke Pelabuhan Utara Dibuka,Akses tol baru mempersingkat waktu tempuh ke kawasan pelabuhan Jakarta Utara.,Detik Finance,https://example.com/news/art-202407-0170,local,Jakarta Utara,infrastructure,0.0256,0.0666,0.0017
art-202407-0171,2024-07-05,Tanggul Laut Jakarta Utara Jebol Akibat Gelombang Tinggi,"Gelombang pasang merusak tanggul pelindung di kawasan Muara Baru, mengancam permukiman sekitar.",Detik Finance,https://example.com/news/art-202407-0171,local,Jakarta Utara,disaster,-0.0307,0.0793,-0.0024
art-202407-0172,2024-07-20,Mall Premium Baru Dibuka di PIK Avenue,Pusat perbelanjaan premium baru dengan lebih dari 200 tenant resmi beroperasi di PIK Avenue.,Kompas.com,https://example.com/news/art-202407-0172,regional,Jakarta Utara,development,0.048,0.0626,0.003
art-202408-0173,2024-08-20,Pemerintah Luncurkan Paket Stimulus Perumahan,Program stimulus baru mencakup subsidi bunga KPR dan kemudahan perizinan.,CNBC Indonesia,https://example.com/news/art-202408-0173,national,,policy,0.85,0.9,0.765
art-202408-0174,2024-08-16,Investasi Asing Melonjak Pasca Pemilu,Arus modal asing ke sektor properti Indonesia mencatat lonjakan signifikan.,Jakarta Post,https://example.com/news/art-202408-0174,national,,economy,0.8,0.85,0.68
art-202408-0175,2024-08-05,Penjualan Properti Baru Melonjak 30% Pasca Stimulus,Paket stimulus pemerintah langsung berdampak pada peningkatan transaksi properti.,Tribun News,https://example.com/news/art-202408-0175,national,,market,0.75,0.85,0.6375
art-202408-0176,2024-08-26,Proyek Residensial Premium Baru di Kebayoran,Pengembang luncurkan hunian mewah berkonsep smart home di kawasan Kebayoran Baru.,Kompas.com,https://example.com/news/art-202408-0176,local,Jakarta Selatan,development,0.0402,0.0679,0.0027
art-202408-0177,2024-08-19,Terowongan Bawah Tanah Tanah Abang-Sudirman Disetujui,Proyek terowongan kendaraan akan menghubungkan Tanah Abang langsung ke Sudirman tanpa macet.,Detik Finance,https://example.com/news/art-202408-0177,local,Jakarta Pusat,infrastructure,0.0395,0.0942,0.0037
art-202408-0178,2024-08-13,Tingkat Hunian Perkantoran Jakarta Pusat Pulih,Occupancy rate kantor di CBD Jakarta kembali ke level pra-pandemi.,Detik Finance,https://example.com/news/art-202408-0178,regional,Jakarta Pusat,market,0.0526,0.082,0.0043
art-202408-0179,2024-08-23,Green Office Park Baru di Puri Indah,Kawasan perkantoran berkonsep hijau akan dibangun di koridor Puri Indah.,Detik Finance,https://example.com/news/art-202408-0179,local,Jakarta Barat,development,0.0453,0.0751,0.0034
art-202408-0180,2024-08-22,Pasar Properti Cengkareng Tumbuh Stabil,Kawasan Cengkareng mencatat pertumbuhan transaksi properti yang konsisten.,Bisnis Indonesia,https://example.com/news/art-202408-0180,regional,Jakarta Barat,market,0.0347,0.0692,0.0024
art-202408-0181,2024-08-29,Sungai Ciliwung di Jakarta Timur Dinormalisasi,Proyek normalisasi sungai mengurangi risiko banjir di kawasan bantaran.,CNBC Indonesia,https://example.com/news/art-202408-0181,local,Jakarta Timur,environment,0.0664,0.1022,0.0068
art-202408-0182,2024-08-21,Koridor TransJakarta Baru ke Pulogebang Beroperasi,Rute BRT baru menghubungkan Terminal Pulogebang langsung ke Kampung Melayu.,Detik Finance,https://example.com/news/art-202408-0182,local,Jakarta Timur,infrastructure,0.062,0.1107,0.0069
art-202408-0183,2024-08-05,Pelebaran Jalan Raya Bogor Selesai Tahap Pertama,"Pelebaran Jalan Raya Bogor dari Pasar Rebo hingga Ciracas rampung, lalu lintas membaik.",Jakarta Post,https://example.com/news/art-202408-0183,regional,Jakarta Timur,infrastructure,0.0552,0.1267,0.007
art-202408-0184,2024-08-02,Penurunan Tanah di Jakarta Utara Semakin Mengkhawatirkan,Studi terbaru menunjukkan laju penurunan muka tanah di Jakarta Utara mencapai 7 cm per tahun.,Kontan,https://example.com/news/art-202408-0184,local,Jakarta Utara,environment,-0.0249,0.0528,-0.0013
art-202408-0185,2024-08-24,Sekolah Internasional Baru Hadir di Pantai Indah Kapuk,Sekolah internasional berkurikulum Cambridge akan dibuka untuk melayani keluarga di PIK dan sekitarnya.,Detik Finance,https://example.com/news/art-202408-0185,local,Jakarta Utara,development,0.0593,0.0563,0.0033
art-202409-0186,2024-09-26,Anggaran Infrastruktur Naik 30% dari Pemerintahan Sebelumnya,Alokasi anggaran infrastruktur dalam APBN meningkat tajam.,Kompas.com,https://example.com/news/art-202409-0186,national,,policy,0.8,0.85,0.68
art-202409-0187,2024-09-12,Proyek Infrastruktur Strategis Nasional Dipercepat,Pemerintah mempercepat 12 proyek strategis nasional termasuk jaringan transportasi.,Bisnis Indonesia,https://example.com/news/art-202409-0187,national,,infrastructure,0.85,0.9,0.765
art-202409-0188,2024-09-30,PDB Indonesia Tumbuh Melampaui Ekspektasi,Pertumbuhan ekonomi kuartal ketiga melampaui proyeksi seluruh analis.,Bisnis Indonesia,https://example.com/news/art-202409-0188,national,,economy,0.75,0.8,0.6
art-202409-0189,2024-09-26,Permintaan Ekspat Dorong Harga Sewa di Senayan,Komunitas ekspatriat yang berkembang mendorong kenaikan harga sewa di kawasan premium Jakarta Selatan.,Bisnis Indonesia,https://example.com/news/art-202409-0189,local,Jakarta Selatan,market,0.0403,0.1077,0.0043
art-202409-0190,2024-09-25,Harga Properti Pondok Indah Tembus Rekor Baru,Kawasan Pondok Indah mencatat harga tanah tertinggi sepanjang sejarah.,Kompas.com,https://example.com/news/art-202409-0190,regional,Jakarta Selatan,market,0.0572,0.0828,0.0047
art-202409-0191,2024-09-26,Stasiun MRT Baru di Glodok Mulai Konstruksi,Pembangunan stasiun MRT fase 2 di Glodok meningkatkan konektivitas Kota Tua.,Tribun News,https://example.com/news/art-202409-0191,local,Jakarta Pusat,infrastructure,0.0735,0.148,0.0109
art-202409-0192,2024-09-22,Jembatan Penyeberangan Modern di Slipi Diresmikan,JPO modern dengan lift dan eskalator dibangun di kawasan padat Slipi.,Bisnis Indonesia,https://example.com/news/art-202409-0192,local,Jakarta Barat,infrastructure,0.0204,0.1037,0.0021
art-202409-0193,2024-09-08,Harga Properti Cakung Naik Signifikan,Kawasan Cakung mencatat kenaikan harga properti tertinggi di Jakarta Timur.,Kompas.com,https://example.com/news/art-202409-0193,local,Jakarta Timur,market,0.0629,0.1158,0.0073
art-202409-0194,2024-09-03,Jaringan Fiber Optik 5G Diperluas ke Seluruh Jakarta Utara,Operator telekomunikasi menyelesaikan pemasangan jaringan 5G untuk kawasan Jakarta Utara.,Kompas.com,https://example.com/news/art-202409-0194,local,Jakarta Utara,infrastructure,0.0525,0.1415,0.0074
art-202409-0195,2024-09-04,Modernisasi Pelabuhan Tanjung Priok Rampung,Peningkatan kapasitas pelabuhan diharapkan mendorong ekonomi Jakarta Utara.,Jakarta Post,https://example.com/news/art-202409-0195,local,Jakarta Utara,infrastructure,0.0486,0.1201,0.0058
art-202409-0196,2024-09-29,PDAM Perluas Jaringan Air Bersih ke Cilincing,Proyek perluasan jaringan air bersih menjangkau 15.000 rumah tangga baru di Cilincing.,Kompas.com,https://example.com/news/art-202409-0196,regional,Jakarta Utara,infrastructure,0.0372,0.0993,0.0037
art-202410-0197,2024-10-31,Jalan Layang Antasari-Blok M Resmi Beroperasi,Jalan layang baru memangkas waktu tempuh Antasari ke Blok M dari 45 menjadi 15 menit.,Kontan,https://example.com/news/art-202410-0197,local,Jakarta Selatan,infrastructure,0.0572,0.117,0.0067
art-202410-0198,2024-10-21,Rumah Sakit Tipe A Baru Dibangun di Pasar Minggu,RS tipe A dengan fasilitas lengkap termasuk helipad dan pusat jantung mulai dibangun di Pasar Minggu.,CNBC Indonesia,https://example.com/news/art-202410-0198,local,Jakarta Selatan,development,0.0652,0.1009,0.0066
art-202410-0199,2024-10-12,Kawasan Kemang Transformasi Jadi Hub Mixed-Use,"Proyek revitalisasi Kemang mencakup residensial, komersial, dan ruang publik baru.",Kompas.com,https://example.com/news/art-202410-0199,regional,Jakarta Selatan,development,0.0413,0.1166,0.0048
art-202410-0200,2024-10-22,Pusat Kebudayaan Nasional Baru di Kemayoran,"Kompleks kebudayaan mencakup galeri seni, auditorium, dan museum akan dibangun di Kemayoran.",Kompas.com,https://example.com/news/art-202410-0200,local,Jakarta Pusat,development,0.068,0.1099,0.0075
art-202410-0201,2024-10-31,Stasiun MRT Baru di Glodok Mulai Konstruksi,Pembangunan stasiun MRT fase 2 di Glodok meningkatkan konektivitas Kota Tua.,Detik Finance,https://example.com/news/art-202410-0201,regional,Jakarta Pusat,infrastructure,0.0637,0.0561,0.0036
art-202410-0202,2024-10-21,Pasar Properti Cengkareng Tumbuh Stabil,Kawasan Cengkareng mencatat pertumbuhan transaksi properti yang konsisten.,Kompas.com,https://example.com/news/art-202410-0202,local,Jakarta Barat,market,0.0447,0.0564,0.0025
art-202410-0203,2024-10-07,Perpanjangan LRT ke Bekasi via Jakarta Timur Disetujui,Rencana perpanjangan LRT dari Jakarta Timur ke Bekasi mendapat persetujuan pemerintah.,Kontan,https://example.com/news/art-202410-0203,local,Jakarta Timur,infrastructure,0.05,0.1489,0.0074
art-202410-0204,2024-10-11,RSUD Baru Tipe B Dibangun di Duren Sawit,Rumah sakit umum daerah baru dengan 250 bed mulai dibangun untuk melayani warga Jakarta Timur.,CNBC Indonesia,https://example.com/news/art-202410-0204,regional,Jakarta Timur,development,0.0333,0.0651,0.0022
art-202410-0205,2024-10-05,Flyover Kelapa Gading-Sunter Rampung Dibangun,"Flyover baru menghubungkan Kelapa Gading dan Sunter, mengurangi kemacetan 40% di jam sibuk.",Tribun News,https://example.com/news/art-202410-0205,local,Jakarta Utara,infrastructure,0.0658,0.0777,0.0051
art-202411-0206,2024-11-08,Kampus Universitas Ternama Buka Cabang di Pondok Indah,Universitas terkemuka Indonesia membuka kampus cabang baru di kawasan Pondok Indah.,Kontan,https://example.com/news/art-202411-0206,local,Jakarta Selatan,development,0.0252,0.051,0.0013
art-202411-0207,2024-11-24,Superblok Baru Direncanakan di Dekat Monas,Proyek pengembangan mixed-use berskala besar diumumkan untuk area sekitar Monas.,Bisnis Indonesia,https://example.com/news/art-202411-0207,local,Jakarta Pusat,development,0.0244,0.1019,0.0025
art-202411-0208,2024-11-08,Pusat Kebudayaan Nasional Baru di Kemayoran,"Kompleks kebudayaan mencakup galeri seni, auditorium, dan museum akan dibangun di Kemayoran.",Bisnis Indonesia,https://example.com/news/art-202411-0208,regional,Jakarta Pusat,development,0.0356,0.0916,0.0033
art-202411-0209,2024-11-15,Pengembangan Township Baru di Jakarta Barat,Proyek kota mandiri berskala besar diumumkan untuk kawasan barat Jakarta.,Bisnis Indonesia,https://example.com/news/art-202411-0209,local,Jakarta Barat,development,0.0535,0.1107,0.0059
art-202411-0210,2024-11-14,SPAM Baru Sediakan Air Bersih untuk 20.000 KK di Kalideres,Sistem penyediaan air minum baru menjangkau ribuan rumah tangga di Kalideres.,CNBC Indonesia,https://example.com/news/art-202411-0210,local,Jakarta Barat,infrastructure,0.0234,0.1499,0.0035
art-202411-0211,2024-11-05,Kawasan TOD Baru di Stasiun Jatinegara,Pengembangan transit-oriented development di sekitar Stasiun Jatinegara diumumkan.,Detik Finance,https://example.com/news/art-202411-0211,local,Jakarta Timur,development,0.0389,0.1129,0.0044
art-202411-0212,2024-11-20,Koridor TransJakarta Baru ke Pulogebang Beroperasi,Rute BRT baru menghubungkan Terminal Pulogebang langsung ke Kampung Melayu.,Detik Finance,https://example.com/news/art-202411-0212,regional,Jakarta Timur,infrastructure,0.0459,0.1048,0.0048
art-202411-0213,2024-11-04,Ratusan Rumah Terendam Banjir di Penjaringan,"Intensitas hujan tinggi mengakibatkan banjir setinggi 50 cm di Penjaringan, Jakarta Utara.",Kontan,https://example.com/news/art-202411-0213,local,Jakarta Utara,disaster,-0.0371,0.093,-0.0034
art-202411-0214,2024-11-07,Flyover Kelapa Gading-Sunter Rampung Dibangun,"Flyover baru menghubungkan Kelapa Gading dan Sunter, mengurangi kemacetan 40% di jam sibuk.",Kontan,https://example.com/news/art-202411-0214,local,Jakarta Utara,infrastructure,0.0618,0.1269,0.0078
art-202412-0215,2024-12-14,Jaringan Pipa Gas Baru untuk Kawasan Kebayoran,PGN menyelesaikan instalasi jaringan gas rumah tangga untuk 10.000 rumah di Kebayoran.,Kompas.com,https://example.com/news/art-202412-0215,local,Jakarta Selatan,infrastructure,0.0414,0.0916,0.0038
art-202412-0216,2024-12-03,Koridor TransJakarta Baru Hubungkan Cilandak ke Sudirman,Rute BRT baru meningkatkan opsi transportasi umum untuk warga Cilandak dan sekitarnya.,Bisnis Indonesia,https://example.com/news/art-202412-0216,regional,Jakarta Selatan,infrastructure,0.0598,0.1187,0.0071
art-202412-0217,2024-12-18,Moratorium Pembangunan Hotel di Kawasan Thamrin,Kebijakan pembatasan pembangunan hotel baru di koridor Thamrin-Sudirman berlaku efektif.,CNBC Indonesia,https://example.com/news/art-202412-0217,local,Jakarta Pusat,policy,-0.012,0.1239,-0.0015
art-202412-0218,2024-12-28,Tingkat Hunian Perkantoran Jakarta Pusat Pulih,Occupancy rate kantor di CBD Jakarta kembali ke level pra-pandemi.,Detik Finance,https://example.com/news/art-202412-0218,regional,Jakarta Pusat,market,0.0436,0.0969,0.0042
art-202412-0219,2024-12-10,Banjir Rendam Kawasan Kalideres Jakarta Barat,Hujan deras mengakibatkan genangan di beberapa titik di Kalideres.,Kompas.com,https://example.com/news/art-202412-0219,local,Jakarta Barat,disaster,-0.0406,0.1416,-0.0057
art-202412-0220,2024-12-22,SPAM Baru Sediakan Air Bersih untuk 20.000 KK di Kalideres,Sistem penyediaan air minum baru menjangkau ribuan rumah tangga di Kalideres.,Kompas.com,https://example.com/news/art-202412-0220,local,Jakarta Barat,infrastructure,0.0365,0.1078,0.0039
art-202412-0221,2024-12-08,Waduk Retensi Baru di Cipinang Selesai Dibangun,Waduk baru berkapasitas 1 juta meter kubik mengurangi risiko banjir di Jakarta Timur.,Detik Finance,https://example.com/news/art-202412-0221,local,Jakarta Timur,infrastructure,0.0433,0.0615,0.0027
art-202412-0222,2024-12-01,PDAM Perluas Jaringan Air Bersih ke Cilincing,Proyek perluasan jaringan air bersih menjangkau 15.000 rumah tangga baru di Cilincing.,Jakarta Post,https://example.com/news/art-202412-0222,local,Jakarta Utara,infrastructure,0.0553,0.1114,0.0062
art-202412-0223,2024-12-09,Kawasan Reklamasi Jakarta Utara Tarik Investasi Baru,Pengembang besar mengumumkan proyek mixed-use di area reklamasi pantai utara Jakarta.,Kompas.com,https://example.com/news/art-202412-0223,local,Jakarta Utara,development,0.0488,0.0985,0.0048
art-202412-0224,2024-12-22,Indeks Harga Properti Nasional Menunjukkan Tren Positif,Indeks harga properti residensial Indonesia mencatat kenaikan kuartalan.,Kompas.com,https://example.com/news/art-202412-0224,national,,market,0.0352,0.0627,0.0022
art-202501-0225,2025-01-17,LRT Jabodebek Tingkatkan Konektivitas Jakarta Selatan,Pengoperasian LRT membuka akses baru ke kawasan premium di selatan Jakarta.,Kompas.com,https://example.com/news/art-202501-0225,local,Jakarta Selatan,infrastructure,0.0672,0.1472,0.0099
art-202501-0226,2025-01-25,Proyek Residensial Premium Baru di Kebayoran,Pengembang luncurkan hunian mewah berkonsep smart home di kawasan Kebayoran Baru.,Kontan,https://example.com/news/art-202501-0226,regional,Jakarta Selatan,development,0.035,0.0759,0.0027
art-202501-0227,2025-01-02,Pedestrianisasi Jalan Sabang Selesai,Proyek pedestrianisasi kawasan kuliner Sabang meningkatkan kualitas ruang publik Jakarta Pusat.,Kontan,https://example.com/news/art-202501-0227,local,Jakarta Pusat,infrastructure,0.0579,0.0656,0.0038
art-202501-0228,2025-01-15,Terowongan Bawah Tanah Tanah Abang-Sudirman Disetujui,Proyek terowongan kendaraan akan menghubungkan Tanah Abang langsung ke Sudirman tanpa macet.,Bisnis Indonesia,https://example.com/news/art-202501-0228,local,Jakarta Pusat,infrastructure,0.0389,0.1162,0.0045
art-202501-0229,2025-01-22,Harga Lahan Industri Jakarta Barat Naik,Permintaan lahan industri dan logistik di koridor barat Jakarta meningkat tajam.,Detik Finance,https://example.com/news/art-202501-0229,local,Jakarta Barat,market,0.0262,0.0801,0.0021
art-202501-0230,2025-01-01,Kawasan TOD Baru di Stasiun Jatinegara,Pengembangan transit-oriented development di sekitar Stasiun Jatinegara diumumkan.,Bisnis Indonesia,https://example.com/news/art-202501-0230,local,Jakarta Timur,development,0.0253,0.0777,0.002
art-202501-0231,2025-01-10,Pelebaran Jalan Raya Bogor Selesai Tahap Pertama,"Pelebaran Jalan Raya Bogor dari Pasar Rebo hingga Ciracas rampung, lalu lintas membaik.",Kontan,https://example.com/news/art-202501-0231,local,Jakarta Timur,infrastructure,0.0613,0.1267,0.0078
art-202501-0232,2025-01-23,Perpanjangan LRT ke Bekasi via Jakarta Timur Disetujui,Rencana perpanjangan LRT dari Jakarta Timur ke Bekasi mendapat persetujuan pemerintah.,Detik Finance,https://example.com/news/art-202501-0232,regional,Jakarta Timur,infrastructure,0.0666,0.0676,0.0045
art-202501-0233,2025-01-28,Kualitas Air Bersih di Jakarta Utara Memburuk,Pencemaran air tanah di wilayah pesisir utara semakin meningkat akibat intrusi air laut.,Kompas.com,https://example.com/news/art-202501-0233,local,Jakarta Utara,environment,-0.0238,0.1064,-0.0025
art-202501-0234,2025-01-14,Bank Indonesia Pertahankan Suku Bunga Acuan,Bank sentral mempertahankan suku bunga acuan di level stabil untuk mendukung pertumbuhan ekonomi.,Detik Finance,https://example.com/news/art-202501-0234,national,,policy,0.0089,0.0578,0.0005
art-202502-0235,2025-02-11,Proyek Residensial Premium Baru di Kebayoran,Pengembang luncurkan hunian mewah berkonsep smart home di kawasan Kebayoran Baru.,Detik Finance,https://example.com/news/art-202502-0235,local,Jakarta Selatan,development,0.0477,0.0703,0.0034
art-202502-0236,2025-02-12,Jalan Layang Antasari-Blok M Resmi Beroperasi,Jalan layang baru memangkas waktu tempuh Antasari ke Blok M dari 45 menjadi 15 menit.,Jakarta Post,https://example.com/news/art-202502-0236,local,Jakarta Selatan,infrastructure,0.079,0.096,0.0076
art-202502-0237,2025-02-13,Permintaan Ekspat Dorong Harga Sewa di Senayan,Komunitas ekspatriat yang berkembang mendorong kenaikan harga sewa di kawasan premium Jakarta Selatan.,Bisnis Indonesia,https://example.com/news/art-202502-0237,regional,Jakarta Selatan,market,0.0308,0.0912,0.0028
art-202502-0238,2025-02-21,Smart Traffic System Dipasang di 50 Persimpangan Pusat,Sistem lampu lalu lintas cerdas berbasis AI mengurangi kemacetan 25% di Jakarta Pusat.,Kompas.com,https://example.com/news/art-202502-0238,local,Jakarta Pusat,infrastructure,0.031,0.1279,0.004
art-202502-0239,2025-02-27,Hub Transit Bawah Tanah Sudirman Disetujui,"Proyek hub transit terintegrasi di bawah jalan Sudirman akan menghubungkan MRT, LRT, dan bus rapid transit.",Kontan,https://example.com/news/art-202502-0239,regional,Jakarta Pusat,infrastructure,0.0754,0.0849,0.0064
art-202502-0240,2025-02-20,Pasar Properti Cengkareng Tumbuh Stabil,Kawasan Cengkareng mencatat pertumbuhan transaksi properti yang konsisten.,Kompas.com,https://example.com/news/art-202502-0240,local,Jakarta Barat,market,0.0204,0.0603,0.0012
art-202502-0241,2025-02-21,Hypermarket dan Pusat Grosir Baru di Cengkareng,Pusat perbelanjaan grosir dan hypermarket berskala besar akan dibuka di Cengkareng.,Tribun News,https://example.com/news/art-202502-0241,local,Jakarta Barat,development,0.0537,0.0553,0.003
art-202502-0242,2025-02-21,RSUD Baru Tipe B Dibangun di Duren Sawit,Rumah sakit umum daerah baru dengan 250 bed mulai dibangun untuk melayani warga Jakarta Timur.,Bisnis Indonesia,https://example.com/news/art-202502-0242,local,Jakarta Timur,development,0.0394,0.1147,0.0045
art-202502-0243,2025-02-15,Sungai Ciliwung di Jakarta Timur Dinormalisasi,Proyek normalisasi sungai mengurangi risiko banjir di kawasan bantaran.,Detik Finance,https://example.com/news/art-202502-0243,local,Jakarta Timur,environment,0.0343,0.118,0.004
art-202502-0244,2025-02-17,Gardu Induk PLN Baru untuk Jakarta Timur Beroperasi,Gardu induk 150 kV baru meningkatkan keandalan pasokan listrik untuk 200.000 pelanggan.,Kompas.com,https://example.com/news/art-202502-0244,regional,Jakarta Timur,infrastructure,0.0328,0.0775,0.0025
art-202502-0245,2025-02-03,Tanggul Laut Jakarta Utara Jebol Akibat Gelombang Tinggi,"Gelombang pasang merusak tanggul pelindung di kawasan Muara Baru, mengancam permukiman sekitar.",CNBC Indonesia,https://example.com/news/art-202502-0245,local,Jakarta Utara,disaster,-0.0501,0.0557,-0.0028
art-202503-0246,2025-03-24,Rumah Sakit Tipe A Baru Dibangun di Pasar Minggu,RS tipe A dengan fasilitas lengkap termasuk helipad dan pusat jantung mulai dibangun di Pasar Minggu.,Tribun News,https://example.com/news/art-202503-0246,local,Jakarta Selatan,development,0.0459,0.0906,0.0042
art-202503-0247,2025-03-11,Harga Properti Pondok Indah Tembus Rekor Baru,Kawasan Pondok Indah mencatat harga tanah tertinggi sepanjang sejarah.,Jakarta Post,https://example.com/news/art-202503-0247,local,Jakarta Selatan,market,0.0408,0.1067,0.0044
art-202503-0248,2025-03-11,Superblok Baru Direncanakan di Dekat Monas,Proyek pengembangan mixed-use berskala besar diumumkan untuk area sekitar Monas.,CNBC Indonesia,https://example.com/news/art-202503-0248,local,Jakarta Pusat,development,0.0252,0.0572,0.0014
art-202503-0249,2025-03-23,Tingkat Hunian Perkantoran Jakarta Pusat Pulih,Occupancy rate kantor di CBD Jakarta kembali ke level pra-pandemi.,Kompas.com,https://example.com/news/art-202503-0249,local,Jakarta Pusat,market,0.0261,0.0952,0.0025
art-202503-0250,2025-03-13,Flyover Tomang-Grogol Selesai Dibangun,Flyover baru mengurai kemacetan parah di simpang Tomang-Grogol setiap jam sibuk.,Tribun News,https://example.com/news/art-202503-0250,local,Jakarta Barat,infrastructure,0.0572,0.0864,0.0049
art-202503-0251,2025-03-11,Kawasan TOD Baru di Stasiun Jatinegara,Pengembangan transit-oriented development di sekitar Stasiun Jatinegara diumumkan.,Detik Finance,https://example.com/news/art-202503-0251,local,Jakarta Timur,development,0.0236,0.0942,0.0022
art-202503-0252,2025-03-30,Kawasan TOD Baru di Stasiun Jatinegara,Pengembangan transit-oriented development di sekitar Stasiun Jatinegara diumumkan.,Jakarta Post,https://example.com/news/art-202503-0252,regional,Jakarta Timur,development,0.0321,0.1007,0.0032
art-202503-0253,2025-03-12,Sistem Drainase Baru untuk Kawasan Pesisir Utara,Proyek perbaikan drainase senilai Rp 500 miliar dimulai untuk mengatasi banjir tahunan.,Kompas.com,https://example.com/news/art-202503-0253,local,Jakarta Utara,infrastructure,0.0365,0.1083,0.004
art-202503-0254,2025-03-23,Penurunan Tanah di Jakarta Utara Semakin Mengkhawatirkan,Studi terbaru menunjukkan laju penurunan muka tanah di Jakarta Utara mencapai 7 cm per tahun.,Kompas.com,https://example.com/news/art-202503-0254,local,Jakarta Utara,environment,-0.0306,0.0963,-0.0029
art-202503-0255,2025-03-22,Kebijakan Bangunan Hijau Wajib untuk Proyek Baru,Pemerintah mewajibkan standar green building untuk semua proyek konstruksi baru berskala besar.,CNBC Indonesia,https://example.com/news/art-202503-0255,national,,environment,0.0224,0.1054,0.0024
art-202504-0256,2025-04-21,Permintaan Ekspat Dorong Harga Sewa di Senayan,Komunitas ekspatriat yang berkembang mendorong kenaikan harga sewa di kawasan premium Jakarta Selatan.,Bisnis Indonesia,https://example.com/news/art-202504-0256,local,Jakarta Selatan,market,0.053,0.098,0.0052
art-202504-0257,2025-04-07,Pusat Perbelanjaan Baru Hadir di Cilandak,Mall lifestyle berkonsep open-air dengan 150 tenant akan dibuka di Cilandak Town Square.,Detik Finance,https://example.com/news/art-202504-0257,local,Jakarta Selatan,development,0.0438,0.0513,0.0022
art-202504-0258,2025-04-10,Taman Kota Seluas 5 Hektar Dibangun di Jagakarsa,"Pemda DKI membangun taman kota baru lengkap dengan jogging track, playground, dan skatepark.",Kompas.com,https://example.com/news/art-202504-0258,regional,Jakarta Selatan,development,0.0294,0.12,0.0035
art-202504-0259,2025-04-22,Hub Transit Bawah Tanah Sudirman Disetujui,"Proyek hub transit terintegrasi di bawah jalan Sudirman akan menghubungkan MRT, LRT, dan bus rapid transit.",Bisnis Indonesia,https://example.com/news/art-202504-0259,local,Jakarta Pusat,infrastructure,0.0542,0.1239,0.0067
art-202504-0260,2025-04-27,Smart Traffic System Dipasang di 50 Persimpangan Pusat,Sistem lampu lalu lintas cerdas berbasis AI mengurangi kemacetan 25% di Jakarta Pusat.,Kompas.com,https://example.com/news/art-202504-0260,regional,Jakarta Pusat,infrastructure,0.0261,0.0877,0.0023
art-202504-0261,2025-04-14,SPAM Baru Sediakan Air Bersih untuk 20.000 KK di Kalideres,Sistem penyediaan air minum baru menjangkau ribuan rumah tangga di Kalideres.,Detik Finance,https://example.com/news/art-202504-0261,local,Jakarta Barat,infrastructure,0.0529,0.0666,0.0035
art-202504-0262,2025-04-25,Data Center Hyperscale Dibangun di Kawasan Industri Barat,Perusahaan teknologi global membangun data center berskala besar di Jakarta Barat.,Jakarta Post,https://example.com/news/art-202504-0262,local,Jakarta Barat,development,0.0494,0.1179,0.0058
art-202504-0263,2025-04-29,Pelebaran Jalan Raya Bogor Selesai Tahap Pertama,"Pelebaran Jalan Raya Bogor dari Pasar Rebo hingga Ciracas rampung, lalu lintas membaik.",Kontan,https://example.com/news/art-202504-0263,local,Jakarta Timur,infrastructure,0.0315,0.1466,0.0046
art-202504-0264,2025-04-25,Flyover Kelapa Gading-Sunter Rampung Dibangun,"Flyover baru menghubungkan Kelapa Gading dan Sunter, mengurangi kemacetan 40% di jam sibuk.",Kontan,https://example.com/news/art-202504-0264,local,Jakarta Utara,infrastructure,0.0557,0.0941,0.0052
art-202504-0265,2025-04-05,Modernisasi Pelabuhan Tanjung Priok Rampung,Peningkatan kapasitas pelabuhan diharapkan mendorong ekonomi Jakarta Utara.,CNBC Indonesia,https://example.com/news/art-202504-0265,regional,Jakarta Utara,infrastructure,0.0594,0.1317,0.0078
art-202504-0266,2025-04-04,Regulasi Baru Kepemilikan Properti Asing Diumumkan,Pemerintah mengumumkan pembaruan regulasi kepemilikan properti untuk warga negara asing.,Bisnis Indonesia,https://example.com/news/art-202504-0266,national,,policy,0.0466,0.1374,0.0064
art-202505-0267,2025-05-17,MRT Fase 2 Jakarta Resmi Beroperasi,Pembukaan MRT fase 2 meningkatkan aksesibilitas kawasan selatan Jakarta secara drastis.,Kontan,https://example.com/news/art-202505-0267,national,,infrastructure,0.9,0.9,0.81
art-202505-0268,2025-05-10,Harga Properti Sekitar Stasiun MRT Melonjak,Properti dalam radius 500m dari stasiun MRT baru mengalami kenaikan harga 15-25%.,CNBC Indonesia,https://example.com/news/art-202505-0268,national,,infrastructure,0.85,0.85,0.7225
art-202505-0269,2025-05-06,TOD Masif Direncanakan di Sepanjang Rute MRT Fase 2,Pengembang berlomba mengajukan proposal transit-oriented development.,Kompas.com,https://example.com/news/art-202505-0269,national,,development,0.8,0.85,0.68
art-202505-0270,2025-05-30,Proyek Residensial Premium Baru di Kebayoran,Pengembang luncurkan hunian mewah berkonsep smart home di kawasan Kebayoran Baru.,Kompas.com,https://example.com/news/art-202505-0270,local,Jakarta Selatan,development,0.0441,0.1082,0.0048
art-202505-0271,2025-05-17,Proyek Residensial Premium Baru di Kebayoran,Pengembang luncurkan hunian mewah berkonsep smart home di kawasan Kebayoran Baru.,Kompas.com,https://example.com/news/art-202505-0271,regional,Jakarta Selatan,development,0.0358,0.0519,0.0019
art-202505-0272,2025-05-30,Revitalisasi Pasar Tanah Abang Dimulai,Proyek modernisasi pasar terbesar di Asia Tenggara resmi dimulai.,Kompas.com,https://example.com/news/art-202505-0272,local,Jakarta Pusat,development,0.0622,0.0762,0.0047
art-202505-0273,2025-05-30,Smart Traffic System Dipasang di 50 Persimpangan Pusat,Sistem lampu lalu lintas cerdas berbasis AI mengurangi kemacetan 25% di Jakarta Pusat.,Kompas.com,https://example.com/news/art-202505-0273,regional,Jakarta Pusat,infrastructure,0.0346,0.0646,0.0022
art-202505-0274,2025-05-01,Pelebaran Jalan Daan Mogot Rampung,Proyek pelebaran Jalan Daan Mogot dari 4 menjadi 6 lajur selesai setelah 18 bulan.,Detik Finance,https://example.com/news/art-202505-0274,local,Jakarta Barat,infrastructure,0.0254,0.1206,0.0031
art-202505-0275,2025-05-17,Pelebaran Jalan Raya Bogor Selesai Tahap Pertama,"Pelebaran Jalan Raya Bogor dari Pasar Rebo hingga Ciracas rampung, lalu lintas membaik.",Kontan,https://example.com/news/art-202505-0275,local,Jakarta Timur,infrastructure,0.0531,0.1049,0.0056
art-202505-0276,2025-05-20,Kawasan Reklamasi Jakarta Utara Tarik Investasi Baru,Pengembang besar mengumumkan proyek mixed-use di area reklamasi pantai utara Jakarta.,Jakarta Post,https://example.com/news/art-202505-0276,local,Jakarta Utara,development,0.0275,0.0667,0.0018
art-202506-0277,2025-06-29,Dampak MRT Fase 2 pada Properti Melebihi Ekspektasi,Data transaksi menunjukkan lonjakan minat beli di koridor MRT selatan.,Kompas.com,https://example.com/news/art-202506-0277,national,,infrastructure,0.8,0.85,0.68
art-202506-0278,2025-06-18,Jakarta Selatan Jadi Kawasan Properti Terpanas,Wilayah Jakarta Selatan mencatat pertumbuhan harga tercepat di Jabodetabek.,Bisnis Indonesia,https://example.com/news/art-202506-0278,national,,market,0.75,0.8,0.6
art-202506-0279,2025-06-01,Kampus Universitas Ternama Buka Cabang di Pondok Indah,Universitas terkemuka Indonesia membuka kampus cabang baru di kawasan Pondok Indah.,Detik Finance,https://example.com/news/art-202506-0279,local,Jakarta Selatan,development,0.053,0.1003,0.0053
art-202506-0280,2025-06-12,Hub Transit Bawah Tanah Sudirman Disetujui,"Proyek hub transit terintegrasi di bawah jalan Sudirman akan menghubungkan MRT, LRT, dan bus rapid transit.",Bisnis Indonesia,https://example.com/news/art-202506-0280,local,Jakarta Pusat,infrastructure,0.0328,0.1168,0.0038
art-202506-0281,2025-06-13,Hub Transit Bawah Tanah Sudirman Disetujui,"Proyek hub transit terintegrasi di bawah jalan Sudirman akan menghubungkan MRT, LRT, dan bus rapid transit.",Bisnis Indonesia,https://example.com/news/art-202506-0281,regional,Jakarta Pusat,infrastructure,0.0512,0.1488,0.0076
art-202506-0282,2025-06-12,Pengembangan Township Baru di Jakarta Barat,Proyek kota mandiri berskala besar diumumkan untuk kawasan barat Jakarta.,Kontan,https://example.com/news/art-202506-0282,local,Jakarta Barat,development,0.0383,0.0761,0.0029
art-202506-0283,2025-06-25,Pelebaran Jalan Raya Bogor Selesai Tahap Pertama,"Pelebaran Jalan Raya Bogor dari Pasar Rebo hingga Ciracas rampung, lalu lintas membaik.",Bisnis Indonesia,https://example.com/news/art-202506-0283,local,Jakarta Timur,infrastructure,0.048,0.0604,0.0029
art-202506-0284,2025-06-25,Perpanjangan LRT ke Bekasi via Jakarta Timur Disetujui,Rencana perpanjangan LRT dari Jakarta Timur ke Bekasi mendapat persetujuan pemerintah.,Kompas.com,https://example.com/news/art-202506-0284,regional,Jakarta Timur,infrastructure,0.0536,0.1314,0.007
art-202506-0285,2025-06-03,Sekolah Internasional Baru Hadir di Pantai Indah Kapuk,Sekolah internasional berkurikulum Cambridge akan dibuka untuk melayani keluarga di PIK dan sekitarnya.,CNBC Indonesia,https://example.com/news/art-202506-0285,local,Jakarta Utara,development,0.0498,0.0942,0.0047
art-202506-0286,2025-06-26,Sistem Drainase Baru untuk Kawasan Pesisir Utara,Proyek perbaikan drainase senilai Rp 500 miliar dimulai untuk mengatasi banjir tahunan.,Kompas.com,https://example.com/news/art-202506-0286,local,Jakarta Utara,infrastructure,0.0597,0.0537,0.0032
art-202506-0287,2025-06-18,Penurunan Tanah di Jakarta Utara Semakin Mengkhawatirkan,Studi terbaru menunjukkan laju penurunan muka tanah di Jakarta Utara mencapai 7 cm per tahun.,Tribun News,https://example.com/news/art-202506-0287,regional,Jakarta Utara,environment,-0.0217,0.0861,-0.0019
art-202507-0288,2025-07-25,Koridor TransJakarta Baru Hubungkan Cilandak ke Sudirman,Rute BRT baru meningkatkan opsi transportasi umum untuk warga Cilandak dan sekitarnya.,Detik Finance,https://example.com/news/art-202507-0288,local,Jakarta Selatan,infrastructure,0.0601,0.0691,0.0042
art-202507-0289,2025-07-13,Kampus Universitas Ternama Buka Cabang di Pondok Indah,Universitas terkemuka Indonesia membuka kampus cabang baru di kawasan Pondok Indah.,Detik Finance,https://example.com/news/art-202507-0289,regional,Jakarta Selatan,development,0.0359,0.106,0.0038
art-202507-0290,2025-07-23,Pusat Kebudayaan Nasional Baru di Kemayoran,"Kompleks kebudayaan mencakup galeri seni, auditorium, dan museum akan dibangun di Kemayoran.",Kompas.com,https://example.com/news/art-202507-0290,local,Jakarta Pusat,development,0.0603,0.0737,0.0044
art-202507-0291,2025-07-24,Pusat Kebudayaan Nasional Baru di Kemayoran,"Kompleks kebudayaan mencakup galeri seni, auditorium, dan museum akan dibangun di Kemayoran.",CNBC Indonesia,https://example.com/news/art-202507-0291,local,Jakarta Pusat,development,0.059,0.0863,0.0051
art-202507-0292,2025-07-03,Flyover Tomang-Grogol Selesai Dibangun,Flyover baru mengurai kemacetan parah di simpang Tomang-Grogol setiap jam sibuk.,Detik Finance,https://example.com/news/art-202507-0292,local,Jakarta Barat,infrastructure,0.0713,0.1045,0.0074
art-202507-0293,2025-07-15,Sekolah Bertaraf Internasional Baru di Meruya,Sekolah dengan kurikulum nasional plus dan fasilitas modern dibuka di Meruya Utara.,Kompas.com,https://example.com/news/art-202507-0293,regional,Jakarta Barat,development,0.0388,0.1002,0.0039
art-202507-0294,2025-07-14,Gardu Induk PLN Baru untuk Jakarta Timur Beroperasi,Gardu induk 150 kV baru meningkatkan keandalan pasokan listrik untuk 200.000 pelanggan.,Jakarta Post,https://example.com/news/art-202507-0294,local,Jakarta Timur,infrastructure,0.0499,0.1412,0.007
art-202507-0295,2025-07-12,Sungai Ciliwung di Jakarta Timur Dinormalisasi,Proyek normalisasi sungai mengurangi risiko banjir di kawasan bantaran.,Jakarta Post,https://example.com/news/art-202507-0295,regional,Jakarta Timur,environment,0.0583,0.0553,0.0032
art-202507-0296,2025-07-20,Flyover Kelapa Gading-Sunter Rampung Dibangun,"Flyover baru menghubungkan Kelapa Gading dan Sunter, mengurangi kemacetan 40% di jam sibuk.",Kompas.com,https://example.com/news/art-202507-0296,local,Jakarta Utara,infrastructure,0.0612,0.1453,0.0089
art-202507-0297,2025-07-21,Jalan Tol Akses Baru ke Pelabuhan Utara Dibuka,Akses tol baru mempersingkat waktu tempuh ke kawasan pelabuhan Jakarta Utara.,Kompas.com,https://example.com/news/art-202507-0297,local,Jakarta Utara,infrastructure,0.0379,0.0626,0.0024
art-202507-0298,2025-07-31,Mall Premium Baru Dibuka di PIK Avenue,Pusat perbelanjaan premium baru dengan lebih dari 200 tenant resmi beroperasi di PIK Avenue.,Jakarta Post,https://example.com/news/art-202507-0298,regional,Jakarta Utara,development,0.0429,0.0924,0.004
art-202507-0299,2025-07-12,Volume Transaksi Properti Nasional Menurun,Jumlah transaksi jual beli properti secara nasional mengalami penurunan kuartalan.,Kompas.com,https://example.com/news/art-202507-0299,national,,market,-0.0406,0.0554,-0.0022
art-202508-0300,2025-08-06,Underpass Mampang Selesai Dibangun,Underpass baru di Mampang Prapatan mengurangi kemacetan di persimpangan utama Jakarta Selatan.,Kompas.com,https://example.com/news/art-202508-0300,local,Jakarta Selatan,infrastructure,0.0332,0.1461,0.0049
art-202508-0301,2025-08-07,Stasiun MRT Baru di Glodok Mulai Konstruksi,Pembangunan stasiun MRT fase 2 di Glodok meningkatkan konektivitas Kota Tua.,Kontan,https://example.com/news/art-202508-0301,local,Jakarta Pusat,infrastructure,0.0292,0.1275,0.0037
art-202508-0302,2025-08-03,Pelebaran Jalan Daan Mogot Rampung,Proyek pelebaran Jalan Daan Mogot dari 4 menjadi 6 lajur selesai setelah 18 bulan.,Kompas.com,https://example.com/news/art-202508-0302,local,Jakarta Barat,infrastructure,0.0615,0.07,0.0043
art-202508-0303,2025-08-11,Gardu Induk PLN Baru untuk Jakarta Timur Beroperasi,Gardu induk 150 kV baru meningkatkan keandalan pasokan listrik untuk 200.000 pelanggan.,CNBC Indonesia,https://example.com/news/art-202508-0303,local,Jakarta Timur,infrastructure,0.025,0.1182,0.003
art-202508-0304,2025-08-10,Kawasan TOD Baru di Stasiun Jatinegara,Pengembangan transit-oriented development di sekitar Stasiun Jatinegara diumumkan.,Detik Finance,https://example.com/news/art-202508-0304,local,Jakarta Timur,development,0.0499,0.0885,0.0044
art-202508-0305,2025-08-08,Jalan Tol Akses Baru ke Pelabuhan Utara Dibuka,Akses tol baru mempersingkat waktu tempuh ke kawasan pelabuhan Jakarta Utara.,Detik Finance,https://example.com/news/art-202508-0305,local,Jakarta Utara,infrastructure,0.0494,0.0674,0.0033
art-202508-0306,2025-08-01,Penurunan Tanah di Jakarta Utara Semakin Mengkhawatirkan,Studi terbaru menunjukkan laju penurunan muka tanah di Jakarta Utara mencapai 7 cm per tahun.,Kontan,https://example.com/news/art-202508-0306,local,Jakarta Utara,environment,-0.0506,0.0597,-0.003
art-202508-0307,2025-08-29,Sekolah Internasional Baru Hadir di Pantai Indah Kapuk,Sekolah internasional berkurikulum Cambridge akan dibuka untuk melayani keluarga di PIK dan sekitarnya.,Kompas.com,https://example.com/news/art-202508-0307,regional,Jakarta Utara,development,0.0394,0.1188,0.0047
art-202509-0308,2025-09-25,Underpass Mampang Selesai Dibangun,Underpass baru di Mampang Prapatan mengurangi kemacetan di persimpangan utama Jakarta Selatan.,Bisnis Indonesia,https://example.com/news/art-202509-0308,local,Jakarta Selatan,infrastructure,0.0609,0.1219,0.0074
art-202509-0309,2025-09-22,Moratorium Pembangunan Hotel di Kawasan Thamrin,Kebijakan pembatasan pembangunan hotel baru di koridor Thamrin-Sudirman berlaku efektif.,Detik Finance,https://example.com/news/art-202509-0309,local,Jakarta Pusat,policy,0.0415,0.1142,0.0047
art-202509-0310,2025-09-19,Hub Transit Bawah Tanah Sudirman Disetujui,"Proyek hub transit terintegrasi di bawah jalan Sudirman akan menghubungkan MRT, LRT, dan bus rapid transit.",Bisnis Indonesia,https://example.com/news/art-202509-0310,local,Jakarta Pusat,infrastructure,0.0308,0.1329,0.0041
art-202509-0311,2025-09-04,Tingkat Hunian Perkantoran Jakarta Pusat Pulih,Occupancy rate kantor di CBD Jakarta kembali ke level pra-pandemi.,Kompas.com,https://example.com/news/art-202509-0311,regional,Jakarta Pusat,market,0.0389,0.1137,0.0044
art-202509-0312,2025-09-12,Hypermarket dan Pusat Grosir Baru di Cengkareng,Pusat perbelanjaan grosir dan hypermarket berskala besar akan dibuka di Cengkareng.,Kontan,https://example.com/news/art-202509-0312,local,Jakarta Barat,development,0.0283,0.0726,0.0021
art-202509-0313,2025-09-07,Pasar Properti Cengkareng Tumbuh Stabil,Kawasan Cengkareng mencatat pertumbuhan transaksi properti yang konsisten.,Kompas.com,https://example.com/news/art-202509-0313,local,Jakarta Barat,market,0.0273,0.0699,0.0019
art-202509-0314,2025-09-21,Koridor TransJakarta Baru ke Pulogebang Beroperasi,Rute BRT baru menghubungkan Terminal Pulogebang langsung ke Kampung Melayu.,Kompas.com,https://example.com/news/art-202509-0314,local,Jakarta Timur,infrastructure,0.0464,0.1114,0.0052
art-202509-0315,2025-09-24,Flyover Cipinang-Jatinegara Mulai Dibangun,Flyover baru akan mengurai kemacetan di persimpangan padat Cipinang-Jatinegara.,Jakarta Post,https://example.com/news/art-202509-0315,local,Jakarta Timur,infrastructure,0.059,0.0654,0.0039
art-202509-0316,2025-09-02,Sistem Drainase Baru untuk Kawasan Pesisir Utara,Proyek perbaikan drainase senilai Rp 500 miliar dimulai untuk mengatasi banjir tahunan.,Kompas.com,https://example.com/news/art-202509-0316,local,Jakarta Utara,infrastructure,0.0453,0.1325,0.006
art-202509-0317,2025-09-21,Inflasi Indonesia Terkendali di Level Rendah,Tingkat inflasi tahunan Indonesia tetap berada di kisaran target Bank Indonesia.,Detik Finance,https://example.com/news/art-202509-0317,national,,economy,0.0305,0.1037,0.0032
art-202510-0318,2025-10-16,Kawasan Kemang Transformasi Jadi Hub Mixed-Use,"Proyek revitalisasi Kemang mencakup residensial, komersial, dan ruang publik baru.",Tribun News,https://example.com/news/art-202510-0318,local,Jakarta Selatan,development,0.0489,0.0703,0.0034
art-202510-0319,2025-10-06,Permintaan Ekspat Dorong Harga Sewa di Senayan,Komunitas ekspatriat yang berkembang mendorong kenaikan harga sewa di kawasan premium Jakarta Selatan.,Jakarta Post,https://example.com/news/art-202510-0319,regional,Jakarta Selatan,market,0.0381,0.0817,0.0031
art-202510-0320,2025-10-28,Gedung Perkantoran Grade A Baru di SCBD,Menara perkantoran 50 lantai berkonsep green building mulai konstruksi di SCBD.,Kompas.com,https://example.com/news/art-202510-0320,local,Jakarta Pusat,development,0.0417,0.0738,0.0031
art-202510-0321,2025-10-17,Banjir Rendam Kawasan Kalideres Jakarta Barat,Hujan deras mengakibatkan genangan di beberapa titik di Kalideres.,Kontan,https://example.com/news/art-202510-0321,local,Jakarta Barat,disaster,-0.0454,0.0899,-0.0041
art-202510-0322,2025-10-08,Stasiun KRL Baru di Kembangan Beroperasi,Stasiun commuter line baru meningkatkan aksesibilitas kawasan barat Jakarta.,Detik Finance,https://example.com/news/art-202510-0322,local,Jakarta Barat,infrastructure,0.0336,0.0966,0.0032
art-202510-0323,2025-10-31,Pengembangan Township Baru di Jakarta Barat,Proyek kota mandiri berskala besar diumumkan untuk kawasan barat Jakarta.,Detik Finance,https://example.com/news/art-202510-0323,regional,Jakarta Barat,development,0.0582,0.1105,0.0064
art-202510-0324,2025-10-06,Pasar Rakyat Modern Dibuka di Kramat Jati,Pasar tradisional Kramat Jati selesai direvitalisasi menjadi pasar modern berfasilitas lengkap.,Kompas.com,https://example.com/news/art-202510-0324,local,Jakarta Timur,development,0.0579,0.1005,0.0058
art-202510-0325,2025-10-13,RS Internasional Baru Dibangun di Kelapa Gading,Rumah sakit berstandar internasional dengan 300 bed akan dibangun di kawasan Kelapa Gading.,Kompas.com,https://example.com/news/art-202510-0325,local,Jakarta Utara,development,0.075,0.0848,0.0064
art-202510-0326,2025-10-02,RS Internasional Baru Dibangun di Kelapa Gading,Rumah sakit berstandar internasional dengan 300 bed akan dibangun di kawasan Kelapa Gading.,Detik Finance,https://example.com/news/art-202510-0326,local,Jakarta Utara,development,0.0802,0.0651,0.0052
art-202510-0327,2025-10-01,Modernisasi Pelabuhan Tanjung Priok Rampung,Peningkatan kapasitas pelabuhan diharapkan mendorong ekonomi Jakarta Utara.,Detik Finance,https://example.com/news/art-202510-0327,regional,Jakarta Utara,infrastructure,0.0548,0.1173,0.0064
art-202511-0328,2025-11-02,Jalan Layang Antasari-Blok M Resmi Beroperasi,Jalan layang baru memangkas waktu tempuh Antasari ke Blok M dari 45 menjadi 15 menit.,Detik Finance,https://example.com/news/art-202511-0328,local,Jakarta Selatan,infrastructure,0.0382,0.0866,0.0033
art-202511-0329,2025-11-15,Hub Transit Bawah Tanah Sudirman Disetujui,"Proyek hub transit terintegrasi di bawah jalan Sudirman akan menghubungkan MRT, LRT, dan bus rapid transit.",Detik Finance,https://example.com/news/art-202511-0329,local,Jakarta Pusat,infrastructure,0.0443,0.0789,0.0035
art-202511-0330,2025-11-04,Smart Traffic System Dipasang di 50 Persimpangan Pusat,Sistem lampu lalu lintas cerdas berbasis AI mengurangi kemacetan 25% di Jakarta Pusat.,Jakarta Post,https://example.com/news/art-202511-0330,local,Jakarta Pusat,infrastructure,0.0338,0.1489,0.005
art-202511-0331,2025-11-12,Moratorium Pembangunan Hotel di Kawasan Thamrin,Kebijakan pembatasan pembangunan hotel baru di koridor Thamrin-Sudirman berlaku efektif.,Bisnis Indonesia,https://example.com/news/art-202511-0331,regional,Jakarta Pusat,policy,0.0037,0.1487,0.0005
art-202511-0332,2025-11-05,RS Ibu dan Anak Baru Beroperasi di Kebon Jeruk,Rumah sakit spesialis ibu dan anak dengan 150 bed resmi beroperasi di Kebon Jeruk.,Kompas.com,https://example.com/news/art-202511-0332,local,Jakarta Barat,development,0.0424,0.085,0.0036
art-202511-0333,2025-11-30,Permintaan Rumah Terjangkau di Jakarta Timur Melonjak,Pembeli rumah pertama semakin memilih kawasan timur Jakarta karena harga yang lebih terjangkau.,Kompas.com,https://example.com/news/art-202511-0333,local,Jakarta Timur,market,0.0277,0.1125,0.0031
art-202511-0334,2025-11-17,Kualitas Air Bersih di Jakarta Utara Memburuk,Pencemaran air tanah di wilayah pesisir utara semakin meningkat akibat intrusi air laut.,Bisnis Indonesia,https://example.com/news/art-202511-0334,local,Jakarta Utara,environment,-0.0335,0.109,-0.0037
art-202511-0335,2025-11-12,Tol Trans Jawa Seluruh Ruas Beroperasi Penuh,"Seluruh ruas jalan tol Trans Jawa resmi beroperasi, menghubungkan Anyer hingga Surabaya.",CNBC Indonesia,https://example.com/news/art-202511-0335,national,,infrastructure,0.0494,0.08,0.004
art-202512-0336,2025-12-24,Pusat Perbelanjaan Baru Hadir di Cilandak,Mall lifestyle berkonsep open-air dengan 150 tenant akan dibuka di Cilandak Town Square.,Kontan,https://example.com/news/art-202512-0336,local,Jakarta Selatan,development,0.0604,0.0909,0.0055
art-202512-0337,2025-12-25,Regulasi Zonasi Baru untuk CBD Jakarta Pusat,Pemerintah provinsi mengumumkan pembaruan zonasi untuk kawasan bisnis pusat Jakarta.,Kontan,https://example.com/news/art-202512-0337,local,Jakarta Pusat,policy,0.0104,0.1467,0.0015
art-202512-0338,2025-12-17,Pedestrianisasi Jalan Sabang Selesai,Proyek pedestrianisasi kawasan kuliner Sabang meningkatkan kualitas ruang publik Jakarta Pusat.,Bisnis Indonesia,https://example.com/news/art-202512-0338,local,Jakarta Pusat,infrastructure,0.0315,0.0551,0.0017
art-202512-0339,2025-12-19,Pasar Properti Cengkareng Tumbuh Stabil,Kawasan Cengkareng mencatat pertumbuhan transaksi properti yang konsisten.,Kompas.com,https://example.com/news/art-202512-0339,local,Jakarta Barat,market,0.024,0.1075,0.0026
art-202512-0340,2025-12-05,Banjir Rendam Kawasan Kalideres Jakarta Barat,Hujan deras mengakibatkan genangan di beberapa titik di Kalideres.,Detik Finance,https://example.com/news/art-202512-0340,local,Jakarta Barat,disaster,-0.053,0.0519,-0.0028
art-202512-0341,2025-12-24,Gardu Induk PLN Baru untuk Jakarta Timur Beroperasi,Gardu induk 150 kV baru meningkatkan keandalan pasokan listrik untuk 200.000 pelanggan.,CNBC Indonesia,https://example.com/news/art-202512-0341,local,Jakarta Timur,infrastructure,0.0524,0.1421,0.0074
art-202512-0342,2025-12-17,Banjir Melanda Kawasan Pesisir Jakarta Utara,"Banjir rob kembali menerjang permukiman warga di wilayah pesisir Jakarta Utara, menyebabkan kerugian material yang signifikan.",Jakarta Post,https://example.com/news/art-202512-0342,local,Jakarta Utara,disaster,-0.066,0.0825,-0.0054
art-202512-0343,2025-12-18,Tanggul Laut Jakarta Utara Jebol Akibat Gelombang Tinggi,"Gelombang pasang merusak tanggul pelindung di kawasan Muara Baru, mengancam permukiman sekitar.",Bisnis Indonesia,https://example.com/news/art-202512-0343,local,Jakarta Utara,disaster,-0.0211,0.096,-0.002
art-202512-0344,2025-12-20,Modernisasi Pelabuhan Tanjung Priok Rampung,Peningkatan kapasitas pelabuhan diharapkan mendorong ekonomi Jakarta Utara.,Jakarta Post,https://example.com/news/art-202512-0344,regional,Jakarta Utara,infrastructure,0.0496,0.1143,0.0057
art-202512-0345,2025-12-31,Investasi Asing Langsung Meningkat Tajam,Arus investasi asing ke sektor properti Indonesia mencatat kenaikan signifikan.,Detik Finance,https://example.com/news/art-202512-0345,national,,economy,0.0592,0.0695,0.0041
art-202601-0346,2026-01-16,Taman Kota Seluas 5 Hektar Dibangun di Jagakarsa,"Pemda DKI membangun taman kota baru lengkap dengan jogging track, playground, dan skatepark.",Bisnis Indonesia,https://example.com/news/art-202601-0346,local,Jakarta Selatan,development,0.0525,0.0983,0.0052
art-202601-0347,2026-01-22,Ruang Terbuka Hijau Jakarta Selatan Bertambah,Pemkot DKI Jakarta meresmikan taman kota baru di kawasan Kebayoran Lama.,Kompas.com,https://example.com/news/art-202601-0347,regional,Jakarta Selatan,environment,0.054,0.0691,0.0037
art-202601-0348,2026-01-26,Gedung Perkantoran Grade A Baru di SCBD,Menara perkantoran 50 lantai berkonsep green building mulai konstruksi di SCBD.,Tribun News,https://example.com/news/art-202601-0348,local,Jakarta Pusat,development,0.0612,0.1073,0.0066
art-202601-0349,2026-01-30,Superblok Baru Direncanakan di Dekat Monas,Proyek pengembangan mixed-use berskala besar diumumkan untuk area sekitar Monas.,Kompas.com,https://example.com/news/art-202601-0349,local,Jakarta Pusat,development,0.0237,0.1169,0.0028
art-202601-0350,2026-01-18,Harga Lahan Industri Jakarta Barat Naik,Permintaan lahan industri dan logistik di koridor barat Jakarta meningkat tajam.,Detik Finance,https://example.com/news/art-202601-0350,local,Jakarta Barat,market,0.03,0.108,0.0032
art-202601-0351,2026-01-29,Jalan Tol JORR Timur Selesai Diperbaiki,Perbaikan ruas JORR timur meningkatkan konektivitas Jakarta Timur.,Kompas.com,https://example.com/news/art-202601-0351,local,Jakarta Timur,infrastructure,0.0513,0.0739,0.0038
art-202601-0352,2026-01-22,Ratusan Rumah Terendam Banjir di Penjaringan,"Intensitas hujan tinggi mengakibatkan banjir setinggi 50 cm di Penjaringan, Jakarta Utara.",Bisnis Indonesia,https://example.com/news/art-202601-0352,local,Jakarta Utara,disaster,-0.0547,0.083,-0.0045
art-202601-0353,2026-01-14,Modernisasi Pelabuhan Tanjung Priok Rampung,Peningkatan kapasitas pelabuhan diharapkan mendorong ekonomi Jakarta Utara.,Tribun News,https://example.com/news/art-202601-0353,local,Jakarta Utara,infrastructure,0.0215,0.105,0.0023
art-202601-0354,2026-01-10,Tol Trans Jawa Seluruh Ruas Beroperasi Penuh,"Seluruh ruas jalan tol Trans Jawa resmi beroperasi, menghubungkan Anyer hingga Surabaya.",Detik Finance,https://example.com/news/art-202601-0354,national,,infrastructure,0.0471,0.1256,0.0059
art-202602-0355,2026-02-24,MRT Fase 2 Capai Stasiun Fatmawati,Proyek perpanjangan MRT Jakarta menuju selatan terus menunjukkan kemajuan signifikan.,Kompas.com,https://example.com/news/art-202602-0355,local,Jakarta Selatan,infrastructure,0.0691,0.1152,0.008
art-202602-0356,2026-02-27,Pusat Perbelanjaan Baru Hadir di Cilandak,Mall lifestyle berkonsep open-air dengan 150 tenant akan dibuka di Cilandak Town Square.,Kompas.com,https://example.com/news/art-202602-0356,local,Jakarta Selatan,development,0.0605,0.1139,0.0069
art-202602-0357,2026-02-24,Harga Properti Pondok Indah Tembus Rekor Baru,Kawasan Pondok Indah mencatat harga tanah tertinggi sepanjang sejarah.,Bisnis Indonesia,https://example.com/news/art-202602-0357,regional,Jakarta Selatan,market,0.0614,0.0778,0.0048
art-202602-0358,2026-02-11,Stasiun MRT Baru di Glodok Mulai Konstruksi,Pembangunan stasiun MRT fase 2 di Glodok meningkatkan konektivitas Kota Tua.,Kompas.com,https://example.com/news/art-202602-0358,local,Jakarta Pusat,infrastructure,0.0234,0.1068,0.0025
art-202602-0359,2026-02-28,Tingkat Hunian Perkantoran Jakarta Pusat Pulih,Occupancy rate kantor di CBD Jakarta kembali ke level pra-pandemi.,Tribun News,https://example.com/news/art-202602-0359,regional,Jakarta Pusat,market,0.0432,0.0846,0.0037
art-202602-0360,2026-02-15,Stasiun KRL Baru di Kembangan Beroperasi,Stasiun commuter line baru meningkatkan aksesibilitas kawasan barat Jakarta.,Kompas.com,https://example.com/news/art-202602-0360,local,Jakarta Barat,infrastructure,0.03,0.0613,0.0018
art-202602-0361,2026-02-10,Jembatan Penyeberangan Modern di Slipi Diresmikan,JPO modern dengan lift dan eskalator dibangun di kawasan padat Slipi.,Detik Finance,https://example.com/news/art-202602-0361,local,Jakarta Barat,infrastructure,0.0338,0.0514,0.0017
art-202602-0362,2026-02-17,Flyover Cipinang-Jatinegara Mulai Dibangun,Flyover baru akan mengurai kemacetan di persimpangan padat Cipinang-Jatinegara.,CNBC Indonesia,https://example.com/news/art-202602-0362,local,Jakarta Timur,infrastructure,0.0559,0.1397,0.0078
art-202602-0363,2026-02-08,Gardu Induk PLN Baru untuk Jakarta Timur Beroperasi,Gardu induk 150 kV baru meningkatkan keandalan pasokan listrik untuk 200.000 pelanggan.,Bisnis Indonesia,https://example.com/news/art-202602-0363,regional,Jakarta Timur,infrastructure,0.0246,0.1482,0.0036
art-202602-0364,2026-02-10,Ratusan Rumah Terendam Banjir di Penjaringan,"Intensitas hujan tinggi mengakibatkan banjir setinggi 50 cm di Penjaringan, Jakarta Utara.",Tribun News,https://example.com/news/art-202602-0364,local,Jakarta Utara,disaster,-0.0478,0.1254,-0.006
art-202602-0365,2026-02-22,Bank Indonesia Pertahankan Suku Bunga Acuan,Bank sentral mempertahankan suku bunga acuan di level stabil untuk mendukung pertumbuhan ekonomi.,Kompas.com,https://example.com/news/art-202602-0365,national,,policy,-0.0031,0.086,-0.0003
