property_id,url,title,price,price_display,price_currency,property_type,region,district,full_address,latitude,longitude,land_size_sqm,building_size_sqm,bedrooms,bathrooms,maid_bedrooms,maid_bathrooms,floors,carports,garages,condition,certificate_type,furnished_status,electricity_watt,facing_direction,building_material,floor_material,water_source,facilities,agent_name,agent_company,scraped_at,mall_5km,school_5km,school_2km,hospital_5km,hospital_2km,transit_1km,transit_5km,park_5km
hos41006685,https://www.rumah123.com/properti/jakarta-utara-pantai-indah-kapuk/rumah-rapih-full-furnished-bagus-2-lantai-layar-permai-pik-shm-hos41006685/,Rumah Rapih Full Furnished Bagus 2 Lantai Layar Permai Pik SHM,1800000000.0,"Rp 1,8 Miliar",IDR,Rumah,Jakarta Utara,"Pantai Indah Kapuk, Jakarta Utara","Jl. Layar Permai 10 no 77, Kapuk Muara, Penjaringan, Kota Jakarta Utara, DKI Jakarta, Indonesia",-6.102623,106.74115,48.0,64.0,2.0,2.0,,1.0,2.0,1.0,,Bagus,SHM,Furnished,,Utara,,Keramik,PAM atau PDAM,"Keamanan 24 Jam, Akses Parkir, One Gate System, Laundry, Wastafel, Kulkas, Mesin Cuci, Kitchen Set, Kompor, Teras, AC, Tempat Cuci",Candra Tjhai,ERA FIESTA PIK,2026-02-20T17:00:36.311125+00:00,4,9,5,7,3,4,8,3
hos41013161,https://www.rumah123.com/properti/jakarta-barat-duri-kepa/ana-rumah-baru-3lt-luas-55x116m-modern-minimalis-di-duri-kepa-kebon-jeruk-good-deal-hos41013161/,"Ana Rumah Baru 3Lt Luas 5.5X11.6m Modern Minimalis di Duri Kepa, Kebon Jeruk - * Good- Deal !!*",2270000000.0,"Rp 2,27 Miliar",IDR,Rumah,Jakarta Barat,"Duri Kepa, Jakarta Barat",Perumahan/Komplek,-6.17365,106.775772,64.0,181.0,5.0,3.0,1.0,1.0,3.0,2.0,,,SHM,Unfurnished,2200.0,Selatan,,Granit,PAM atau PDAM,,ANA*PROPERTY JELAMBAR,ANA*PROPERTY JELAMBAR,2026-02-20T17:00:36.916735+00:00,6,13,5,5,2,2,10,5
hos41041529,https://www.rumah123.com/properti/jakarta-utara-kelapa-gading/dijual-rumah-rapih-kelapa-gading-shm-hos41041529/,Dijual Rumah Rapih Kelapa Gading SHM,3500000000.0,"Rp 3,5 Miliar",IDR,Rumah,Jakarta Utara,"Kelapa Gading, Jakarta Utara","Jl. Pelepah Raya No. Bl Wt1/11, Kelapa Gading Timur, Kelapa Gading, Kota Jakarta Utara, DKI Jakarta, Indonesia, 14240",-6.15808,106.918152,126.0,267.0,4.0,4.0,1.0,1.0,2.0,2.0,,Bagus,SHM,Semi Furnished,4400.0,Barat Daya,,,PAM atau PDAM,,Candra Tjhai,ERA FIESTA PIK,2026-02-20T17:00:39.008274+00:00,4,15,3,9,1,4,10,5
hos18654220,https://www.rumah123.com/properti/jakarta-timur-cibubur/3-menit-ke-lrt-harjamukti-tol-jagorawi-rumah-2-lt-baru-renovasi-hos18654220/,"Murah, Dekat LRT Harjamukti & Tol, Rumah 2 Lantai, Baru Renovasi",1000000000.0,Rp 1 Miliar,IDR,Rumah,Jakarta Timur,"Cibubur, Jakarta Timur",Komplek Perumahan,-6.35611,106.895111,95.0,105.0,3.0,2.0,,,2.0,1.0,,Sudah Renovasi,HGB,Unfurnished,2200.0,,Bata Merah,,Sumur Pompa,"Keamanan 24 Jam, Masjid, Akses Parkir, Taman, Tempat Jemuran",Handayani,$undefined,2026-02-20T17:00:41.346432+00:00,4,13,4,4,2,1,10,5
hos39654227,https://www.rumah123.com/properti/jakarta-pusat-cempaka-putih/rumah-murah-15-lantai-bisa-untuk-kost-6-kamar-cempaka-putih-jkt-hos39654227/,Rumah Murah 1.5 Lantai bisa untuk Kost 6 Kamar Cempaka Putih Jkt,3600000000.0,"Rp 3,6 Miliar",IDR,Rumah,Jakarta Pusat,"Cempaka Putih, Jakarta Pusat",Perumahan/Komplek,-6.18128,106.87535,145.0,100.0,6.0,2.0,1.0,1.0,2.0,,,Renovasi Minimum,SHM,Unfurnished,4400.0,,Bata Merah,Keramik,PAM atau PDAM,"Taman, Wastafel, Kitchen Set, Tempat Jemuran, Taman, Teras",Darto,Matrix Propertindo,2026-02-20T17:00:42.268496+00:00,8,20,5,9,4,3,15,8
hos41092432,https://www.rumah123.com/properti/jakarta-timur-cibubur/5-menit-ke-lrt-harjamukti-rumah-hook-2-lt-akses-strategis-hos41092432/,"Hook, 5 Menit ke LRT Harjamukti, Rumah 2 Lantai, Dekat Masjid",1950000000.0,"Rp 1,95 Miliar",IDR,Rumah,Jakarta Timur,"Cibubur, Jakarta Timur",Komplek Perumahan,-6.35611,106.895111,197.0,100.0,4.0,3.0,,1.0,2.0,1.0,,Bagus,SHM,Semi Furnished,5500.0,Barat,Bata Merah,,Sumur Bor,"Masjid, Akses Parkir, Taman, CCTV, One Gate System, Wastafel, Tempat Jemuran, Taman, Teras, AC, Backyard, Tempat Cuci",Handayani,$undefined,2026-02-20T17:00:42.299973+00:00,4,12,4,7,1,2,9,4
hos39783590,https://www.rumah123.com/properti/jakarta-pusat-kemayoran/rumah-murah-dibawah-njop-bisa-untuk-usaha-kepu-selatan-kemayoran-hos39783590/,Rumah Murah Dibawah Njop Bisa Untuk Usaha Kepu Selatan Kemayoran,8400000000.0,"Rp 8,4 Miliar",IDR,Rumah,Jakarta Pusat,"Kemayoran, Jakarta Pusat",Fasilitas Perumahan,-6.1857,106.853,410.0,400.0,4.0,4.0,1.0,1.0,2.0,3.0,,Renovasi Total,HGB,Unfurnished,2200.0,Utara,Bata Merah,Keramik,Sumur Pompa,"Akses Parkir, Wastafel, Tempat Jemuran",Darto,Matrix Propertindo,2026-02-20T17:00:43.217773+00:00,5,15,6,7,3,2,12,6
hos40963384,https://www.rumah123.com/properti/jakarta-selatan-lebak-bulus/rumah-modern-di-lebak-bulus-gratis-mobil-listrik-dan-kitchen-set-hos40963384/,"Rumah Modern di Lebak Bulus, Gratis Mobil Listrik & Kitchen Set",1700000000.0,"Rp 1,7 Miliar",IDR,Rumah,Jakarta Selatan,"Lebak Bulus, Jakarta Selatan","Jl. Lebak Bulus I No. 5, Cilandak Barat, Cilandak, Kota Jakarta Selatan, DKI Jakarta, Indonesia, 12430",-6.31254,106.804207,100.0,129.0,4.0,3.0,,,2.0,2.0,,Bagus,SHM,Furnished,3300.0,Selatan,Bata Hebel,"Granit, Keramik, Ubin, Vinyl",PAM atau PDAM,"Keamanan 24 Jam, Masjid, Akses Parkir, Taman, CCTV, One Gate System, Jogging Track, Taman Bermain, Wastafel, Kitchen Set, Kompor, Water Heater, Tempat Jemuran, Telepon, Taman, Teras, CCTV, AC, Backyard, Tempat Cuci",Adi,PropertiTour,2026-02-20T17:28:06.122095+00:00,8,18,7,8,1,5,10,7
hos40781900,https://www.rumah123.com/properti/jakarta-selatan-lebak-bulus/rumah-mewah-modern-classic-di-lebak-bulus-lokasi-paling-strategis-tanah-luas-eksklusifdi-jakarta-selatan-hos40781900/,Modern Classic di Lebak Bulus 5 Menit MRT Lebakbulus Paling Murah,2550000000.0,"Rp 2,55 Miliar",IDR,Rumah,Jakarta Selatan,"Lebak Bulus, Jakarta Selatan","Bamboo Premium Residence, Jl. Tamansari I No.65, Lebak Bulus, Cilandak, Kota Jakarta Selatan, DKI Jakarta, Indonesia, 12440",-6.31254,106.804207,81.0,150.0,4.0,4.0,1.0,1.0,2.0,2.0,,Bagus,SHM,Unfurnished,3300.0,,"Bata Merah, Bata Hebel","Granit, Keramik, Ubin",PAM atau PDAM,"Keamanan 24 Jam, Akses Parkir, Taman, Kolam Renang, One Gate System, Wastafel, Kitchen Set, Kompor, Water Heater, Tempat Jemuran, Telepon, Taman, Teras, CCTV, AC, Backyard, Tempat Cuci",Adi,PropertiTour,2026-02-20T17:28:06.306410+00:00,8,13,5,11,3,3,15,8
hos40723184,https://www.rumah123.com/properti/jakarta-selatan-lebak-bulus/rumah-mewah-murah-2-lantai-di-lebak-bulus-rumah-dengan-tanah-luas-akses-strategis-di-tengah-kota-rumah-termurah-di-hos40723184/,Rumah 2 Lantai di Lebak Bulus Tanah Luas Akses Strategis Termurah,1900000000.0,"Rp 1,9 Miliar",IDR,Rumah,Jakarta Selatan,"Lebak Bulus, Jakarta Selatan","Stasiun MRT Lebak Bulus Grab, Jl. Lebak Bulus Raya, Lebak Bulus, Cilandak, Kota Jakarta Selatan, DKI Jakarta, Indonesia, 12440",-6.31254,106.804207,70.0,117.0,3.0,3.0,,,3.0,2.0,,Sudah Renovasi,SHM,Semi Furnished,2200.0,,Bata Merah,Granit,PAM atau PDAM,"Keamanan 24 Jam, Akses Parkir, CCTV, One Gate System, Wastafel, Kulkas, Mesin Cuci, Kitchen Set, Kompor, Water Heater, Tempat Jemuran, Kolam Renang, Teras, CCTV, Backyard, Tempat Cuci",Adi,PropertiTour,2026-02-20T17:28:06.547804+00:00,8,19,7,12,4,2,14,6
hos40760497,https://www.rumah123.com/properti/jakarta-selatan-jagakarsa/rumah-4-lantai-di-jagakarsa-jakarta-selatan-selangkah-ke-tol-andara-satu-cluster-sama-artis-raffi-ahmad-hos40760497/,Rumah 4 Lantai di Jagakarsa Jakarta Selatan Selangkah Tol Andara Satu Cluster Sama Artis Raffi Ahmad,4800000000.0,"Rp 4,8 Miliar",IDR,Rumah,Jakarta Selatan,"Jagakarsa, Jakarta Selatan","Gerbang Green Andara Residences, Jl. Andara, Pangkalanjati Baru, Cinere, Kota Depok, Jawa Barat, Indonesia, 16513",-6.3328,106.831299,108.0,258.0,5.0,4.0,1.0,1.0,4.0,2.0,,Bagus,SHM,Unfurnished,5500.0,,Bata Merah,Granit,PAM atau PDAM,"Keamanan 24 Jam, Akses Parkir, CCTV, One Gate System, Taman Bermain, Wastafel, Kitchen Set, Water Heater, Telepon, Taman, Teras, CCTV, AC, Backyard, Tempat Cuci",Adi,PropertiTour,2026-02-20T17:28:09.043492+00:00,10,13,5,6,2,3,9,8
hos40786760,https://www.rumah123.com/properti/jakarta-selatan-jagakarsa/rumah-mewah-murah-2-lantai-di-jagakarsa-jakarta-selatan-dengan-tanah-luas-dan-area-strategis-hos40786760/,Rumah Mewah Murah 2 Lantai di Jagakarsa Jakarta Selatan dengan Tanah Luas dan Area Strategis,1850000000.0,"Rp 1,85 Miliar",IDR,Rumah,Jakarta Selatan,"Jagakarsa, Jakarta Selatan",Perumahan/Komplek,-6.3328,106.831299,96.0,160.0,3.0,3.0,1.0,1.0,2.0,2.0,,Bagus,SHM,Unfurnished,3300.0,,Bata Merah,"Granit, Keramik, Ubin",PAM atau PDAM,"Keamanan 24 Jam, Akses Parkir, CCTV, One Gate System, Wastafel, Kitchen Set, Kompor, Water Heater, Telepon, Teras, CCTV, AC",Adi,PropertiTour,2026-02-20T17:28:15.834318+00:00,5,10,5,8,2,3,16,7
hos40788663,https://www.rumah123.com/properti/jakarta-selatan-jagakarsa/rumah-mewah-paling-estetik-2-lantai-di-jagakarsa-jakarta-selatan-hos40788663/,Rumah Mewah Paling Estetik 2 Lantai di Jagakarsa Jakarta Selatan,2000000000.0,Rp 2 Miliar,IDR,Rumah,Jakarta Selatan,"Jagakarsa, Jakarta Selatan",Komplek Perumahan,-6.3328,106.831299,80.0,108.0,3.0,3.0,1.0,1.0,2.0,2.0,,Bagus,SHM,Semi Furnished,3300.0,,"Bata Merah, Bata Hebel","Granit, Keramik, Ubin",PAM atau PDAM,"Keamanan 24 Jam, Akses Parkir, Taman, Kolam Renang, CCTV, One Gate System, Taman Bermain, Wastafel, Kitchen Set, Water Heater, Telepon, Kolam Renang, Taman, Teras, CCTV, AC, Backyard, Tempat Cuci",Adi,PropertiTour,2026-02-20T17:28:16.190273+00:00,10,15,7,9,3,3,14,5
hos40792257,https://www.rumah123.com/properti/jakarta-selatan-jagakarsa/rumah-mewah-american-classic-3-lantai-dengan-tanah-luas-kawasan-eksklusif-di-jagakarsa-jakarta-selatan-hos40792257/,Rumah Mewah American Classic 3 Lantai dengan Tanah Luas Kawasan Eksklusif di Jagakarsa Jakarta Selatan,3850000000.0,"Rp 3,85 Miliar",IDR,Rumah,Jakarta Selatan,"Jagakarsa, Jakarta Selatan",Komplek Perumahan,-6.3328,106.831299,104.0,290.0,4.0,4.0,1.0,1.0,3.0,2.0,,Bagus,SHM,Unfurnished,4400.0,,Bata Merah,"Granit, Keramik, Ubin",PAM atau PDAM,"Keamanan 24 Jam, Akses Parkir, Taman, CCTV, One Gate System, Jogging Track, Wastafel, Kitchen Set, Kompor, Water Heater, Taman, Teras, CCTV, AC, Backyard, Tempat Cuci",Adi,PropertiTour,2026-02-20T17:28:16.440909+00:00,5,15,4,13,4,5,14,7
hos16225273,https://www.rumah123.com/properti/jakarta-selatan-tebet/rumah-murah-classic-modern-tebet-mas-spesifikasi-mahal-siap-huni-jual-cepat-lihat-jamin-beli-hos16225273/,Rumah Murah Classic Modern Tebet Mas Spesifikasi Mahal Siap Huni Jual Cepat Lihat Jamin Beli,15500000000.0,"Rp 15,5 Miliar",IDR,Rumah,Jakarta Selatan,"Tebet, Jakarta Selatan",Perumahan/Komplek,-6.2258400917053,106.85681152344,350.0,340.0,3.0,4.0,,2.0,2.0,3.0,,Bagus,SHM,Unfurnished,11000.0,Timur,Beton,Marmer,Sumur Bor,"Keamanan 24 Jam, Masjid, Akses Parkir, Taman, One Gate System, Laundry, Wastafel, Water Heater, Tempat Jemuran, Telepon, Taman",Rio,Kuncimas Property,2026-02-20T17:28:19.324764+00:00,4,11,7,12,1,3,11,6
hos41076784,https://www.rumah123.com/properti/jakarta-selatan-kemang/rumah-luxury-di-kemang-jakarta-selatan-dengan-interior-hos41076784/,Rumah Luxury di Kemang Jakarta Selatan dengan Interior,62000000000.0,Rp 62 Miliar,IDR,Rumah,Jakarta Selatan,"Kemang, Jakarta Selatan","Jl. Kemang Timur V No.38, Bangka, Mampang Prapatan, Kota Jakarta Selatan, DKI Jakarta, Indonesia, 12730",-6.266904,106.823929,900.0,1000.0,7.0,7.0,3.0,2.0,3.0,10.0,,Bagus,SHM,Semi Furnished,6600.0,Timur,"Beton, Bata Hebel","Keramik, Marmer, Vinyl",PAM atau PDAM,"Keamanan 24 Jam, Akses Parkir, Taman, Kolam Renang, CCTV, One Gate System, Laundry, Jogging Track, Taman Bermain, Wastafel, Kulkas, Kitchen Set, Kompor, Tempat Jemuran, Telepon, Kolam Renang, Taman, Kolam Ikan, Teras, CCTV, AC, Backyard, Tempat Cuci",Rico Math,Creative Property PIK,2026-02-20T17:29:07.897085+00:00,7,11,3,6,4,3,14,7
hos40879639,https://www.rumah123.com/properti/jakarta-selatan-cilandak/jual-rumah-bagus-di-cilandak-barat-jakarta-selatan-hos40879639/,For Sale Rumah Mewah SHM di Cilandak Barat Jakarta Selatan,42000000000.0,Rp 42 Miliar,IDR,Rumah,Jakarta Selatan,"Cilandak, Jakarta Selatan",Rekomendasi Komplek Properti,-6.33405,106.793442,1925.0,850.0,6.0,6.0,2.0,1.0,1.0,10.0,,Bagus,SHM,Furnished,23000.0,,Bata Merah,,PAM atau PDAM,"Kolam Renang, Wastafel, Kulkas, Mesin Cuci, Kitchen Set, Kompor, Water Heater, Tempat Jemuran, Kolam Renang, Taman, Kolam Ikan, AC",O Christina S,Century21 Nexus ,2026-02-20T17:29:12.352371+00:00,6,17,6,8,2,3,16,5
hos40306473,https://www.rumah123.com/properti/jakarta-selatan-kebayoran-lama/rumah-butuh-minim-renovasi-di-jl-bendi-iv-di-kebayoran-lama-hos40306473/,Rumah Ready di Bendi Iv Sertifikat AJB Dekat Fasilitas,6700000000.0,"Rp 6,7 Miliar",IDR,Rumah,Jakarta Selatan,"Kebayoran Lama, Jakarta Selatan","Jl. Bendi IV No. 32, Kebayoran Lama Utara, Kebayoran Lama, Kota Jakarta Selatan, DKI Jakarta, Indonesia, 12240",-6.250477,106.786613,558.0,305.0,5.0,3.0,2.0,2.0,2.0,2.0,,Renovasi Minimum,SHM,Unfurnished,7600.0,Utara,Bata Merah,Keramik,PAM atau PDAM,"Akses Parkir, Jogging Track, Wastafel, Kitchen Set, Tempat Jemuran, Telepon, Taman, Teras","LUZI, SE",ERA Star,2026-02-20T17:29:13.240235+00:00,6,20,5,9,2,2,11,8
hos17900021,https://www.rumah123.com/properti/jakarta-selatan-lebak-bulus/rumah-tenang-dengan-lingkungan-yang-menyenangkan-untuk-keluarga-hos17900021/,Rumah Tenang Dengan Lingkungan Yang Menyenangkan Untuk Keluarga,4750000000.0,"Rp 4,75 Miliar",IDR,Rumah,Jakarta Selatan,"Lebak Bulus, Jakarta Selatan","Jl. Margasatwa, Pondok Labu",-6.31254,106.80421,282.0,250.0,3.0,3.0,1.0,1.0,2.0,1.0,,,SHM,Unfurnished,3500.0,Barat,Bata Merah,Keramik,Sumur Bor,"Keamanan 24 Jam, Akses Parkir, Taman, One Gate System, Wastafel, Kitchen Set, Telepon, Taman",Helen Mayanti,$undefined,2026-02-20T17:29:24.594559+00:00,8,10,5,10,4,5,12,3
hos15165675,https://www.rumah123.com/properti/jakarta-selatan-pondok-indah/dijual-rumah-pondok-indah-jakarta-selatan-dekat-mall-pondok-indah-hos15165675/,Dijual Rumah Pondok Indah Alam Segar Jakarta Selatan Dekat Mall Pondok Indah,9500000000.0,"Rp 9,5 Miliar",IDR,Rumah,Jakarta Selatan,"Pondok Indah, Jakarta Selatan",Pondok Indah Jakarta Selatan,-6.2754,106.78206,260.0,310.0,4.0,5.0,1.0,3.0,3.0,3.0,,Bagus,SHM,Semi Furnished,10000.0,Timur,Bata Merah,Keramik,Sumur Pompa,"Keamanan 24 Jam, Taman, One Gate System, Wastafel, Kitchen Set, Tempat Jemuran, Telepon",Batara .,LJH Realty Sawangan,2026-02-20T17:29:27.195338+00:00,8,9,4,5,3,1,17,8
hos17332827,https://www.rumah123.com/properti/jakarta-selatan-pondok-indah/rumah-bagus-di-pondok-indah-jakarta-selatan-hos17332827/,"Rumah Bagus di Pondok Indah, Jakarta Selatan",16500000000.0,"Rp 16,5 Miliar",IDR,Rumah,Jakarta Selatan,"Pondok Indah, Jakarta Selatan",Pondok Indah,-6.2754,106.78206,282.0,315.0,5.0,3.0,2.0,1.0,2.0,2.0,,Bagus,HGB,Semi Furnished,4400.0,Timur,"Bata Merah, Bata Hebel","Granit, Keramik",PAM atau PDAM,"Keamanan 24 Jam, Masjid, Akses Parkir, Taman, CCTV, One Gate System, Laundry, Wastafel, Kitchen Set, AC, Tempat Jemuran, Telepon, Taman, Kolam Ikan",Asri,Eagle Tree,2026-02-20T17:29:34.531053+00:00,9,16,3,6,2,5,10,6
hos12198849,https://www.rumah123.com/properti/jakarta-selatan-kebayoran-baru/rumah-besar-di-kawasan-elit-kebayoran-baru-siap-huniusaha-hos12198849/,Rumah Besar di Kawasan Elit Kebayoran Baru Siap Huni/Usaha,27000000000.0,Rp 27 Miliar,IDR,Rumah,Jakarta Selatan,"Kebayoran Baru, Jakarta Selatan",Jl. Wijaya ,-6.2456989371893,106.80892815857,310.0,600.0,6.0,4.0,1.0,1.0,2.0,2.0,,Bagus,SHM,Unfurnished,11000.0,Selatan,Bata Merah,Granit,Sumur Bor,"Akses Parkir, Wastafel, Kitchen Set, AC, Tempat Jemuran, Telepon, Taman, Teras, AC, Tempat Cuci",M  Noor Chandra,Nusapro Agen,2026-02-20T17:29:42.569396+00:00,6,19,5,10,2,4,9,5
hos15055276,https://www.rumah123.com/properti/jakarta-selatan-kebayoran-baru/rumah-mewah-baru-modern-tropis-2-lantai-di-kebayoran-jakarta-selatan-shm-hos15055276/,Rumah Mewah Modern Tropis 3 Lantai SHM di Kebayoran Jakarta Selatan,34000000000.0,Rp 34 Miliar,IDR,Rumah,Jakarta Selatan,"Kebayoran Baru, Jakarta Selatan",Proyek Perumahan di Jakarta Selatan,-6.2456989371893,106.80892815857,1000.0,600.0,5.0,5.0,1.0,1.0,3.0,4.0,,Bagus,SHM,Furnished,10600.0,Timur Laut,,Marmer,Sumur Pompa,"Wastafel, Kulkas, Mesin Cuci, Kitchen Set, Kompor, Water Heater, Tempat Jemuran, Kolam Renang, Taman, Teras, CCTV, AC, Backyard, Tempat Cuci",Lucia Diah Permanasari,The Homes Tebet,2026-02-20T17:29:44.356082+00:00,9,10,3,9,1,5,10,8
hos18808739,https://www.rumah123.com/properti/jakarta-selatan-jagakarsa/rumah-3-lt-serasa-villa-view-danau-jarang-ada-unit-terbatas-no-banjir-hos18808739/,Rumah 3 Lt Serasa Villa View Danau Jarang Ada Unit Terbatas No Banjir !!,2600000000.0,"Rp 2,6 Miliar",IDR,Rumah,Jakarta Selatan,"Jagakarsa, Jakarta Selatan","Jalan M Kahfi 1, Jalan Aselih Raya Jagakarsa Jakarta Selatan.",-6.3510320383596,106.79673839574,100.0,155.0,5.0,5.0,1.0,1.0,3.0,2.0,,Bagus,SHM,Semi Furnished,2200.0,Barat Laut,Bata Hebel,Granit,Sumur Bor,"Keamanan 24 Jam, Akses Parkir, Taman, CCTV, One Gate System, Wastafel, Kitchen Set, Kompor, Water Heater, Tempat Jemuran, Telepon, Taman",Wahyu Adkpro,ADK Property,2026-02-20T17:29:49.220717+00:00,7,19,4,10,4,4,8,4
hos40240867,https://www.rumah123.com/properti/jakarta-selatan-jati-padang/rumah-di-di-perumahan-bank-rakyat-indonesia-ragunan-di-jl-murai-hos40240867/,"Aset Lelang Premium Di Jati Padang, Nilai Pasar 12 Miliar",7700000000.0,"Rp 7,7 Miliar",IDR,Rumah,Jakarta Selatan,"Jati Padang, Jakarta Selatan","Perumahan Bank Rakyat Indonesia Ragunan, Jl. Murai Permai Blok C No.8, Jati Padang, Pasar Minggu, Kota Jakarta Selatan, DKI Jakarta, Indonesia, 12540",-6.29346,106.8358,655.0,788.0,7.0,7.0,2.0,2.0,2.0,2.0,,Bagus,SHM,Unfurnished,8000.0,Barat,Bata Merah,Keramik,PAM atau PDAM,"Akses Parkir, Mesin Cuci, Tempat Jemuran, Telepon, Teras","LUZI, SE",ERA Star,2026-02-20T17:29:49.435055+00:00,8,9,4,8,1,3,16,5
hos39712170,https://www.rumah123.com/properti/jakarta-barat-green-lake-city/rumah-2-lantai-cluster-amerika-latin-dekat-kawasan-ruko-green-lake-hos39712170/,Rumah 2 Lantai Cluster Amerika Latin Dekat Kawasan Ruko Green Lake,4000000000.0,Rp 4 Miliar,IDR,Rumah,Jakarta Barat,"Green Lake City, Jakarta Barat","Gerbang Cluster Amerika Latin Green Lake Residence, Green Lake City Residence, Jl. Dasana Puri, Petir, Cipondoh, Kota Tangerang, Banten, Indonesia, 15147",-6.184470161669452,106.70732228895416,144.0,180.0,3.0,4.0,1.0,1.0,2.0,2.0,,Bagus,SHM,Unfurnished,4400.0,,,,PAM atau PDAM,"Keamanan 24 Jam, Akses Parkir, Taman, Kolam Renang, CCTV, One Gate System, Laundry, Jogging Track, Taman Bermain, Wastafel, Kulkas, Kitchen Set, Water Heater, Tempat Jemuran",Hary Prasetiyo,Era Fiesta Metland,2026-02-20T17:30:15.343567+00:00,7,13,4,7,1,3,7,4
hos39772248,https://www.rumah123.com/properti/jakarta-barat-permata-buana/rumah-mewah-taman-permata-buana-kembangan-4-kamar-lt-250m2-hos39772248/,Rumah Mewah Taman Permata Buana Kembangan 4 Kamar - LT 250M2,15500000000.0,"Rp 15,5 Miliar",IDR,Rumah,Jakarta Barat,"Permata Buana, Jakarta Barat",Perumahan/Komplek,-6.176169,106.742538,250.0,564.0,4.0,4.0,2.0,2.0,2.0,2.0,,Bagus,SHM,Furnished,,Selatan,,,PAM atau PDAM,"Keamanan 24 Jam, Taman, Wastafel, Kulkas, Kitchen Set, Water Heater, Tempat Jemuran, Telepon, Taman, Teras",Santi Koea,INTERPRO Properti,2026-02-20T17:30:16.752998+00:00,5,11,5,7,1,3,6,3
hos40964669,https://www.rumah123.com/properti/jakarta-barat-green-lake-city/rumah-full-furnished-green-lake-city-cluster-west-europe-jual-cepat-hos40964669/,Rumah Full Furnished Green Lake City Cluster West Europe Jual Cepat,2400000000.0,"Rp 2,4 Miliar",IDR,Rumah,Jakarta Barat,"Green Lake City, Jakarta Barat","Cluster West Europe, Perumahan Green Lake City, Jl. Green Lake City Boulevard, Ketapang, Cipondoh, Kota Tangerang, Banten, Indonesia, 15147",-6.1839055108091685,106.70534469172634,90.0,125.0,3.0,3.0,1.0,1.0,2.0,1.0,,Bagus,SHM,Furnished,4400.0,,,,PAM atau PDAM,"Keamanan 24 Jam, Kolam Renang, CCTV, One Gate System, Wastafel, Kitchen Set, Tempat Jemuran, Taman",Hary Prasetiyo,Era Fiesta Metland,2026-02-20T17:30:18.307078+00:00,5,15,4,7,3,1,12,5
hos41038005,https://www.rumah123.com/properti/jakarta-barat-permata-buana/rumah-modern-di-taman-permata-buana-jakarta-barat-hos41038005/,Rumah Modern di Taman Permata Buana Jakarta Barat,8500000000.0,"Rp 8,5 Miliar",IDR,Rumah,Jakarta Barat,"Permata Buana, Jakarta Barat",Perumahan/Komplek,-6.176169,106.742538,180.0,500.0,3.0,3.0,1.0,1.0,3.0,2.0,,Bagus,SHM,Semi Furnished,,Timur,,,PAM atau PDAM,"Keamanan 24 Jam, One Gate System, Wastafel, Kitchen Set, Taman",EGI  real estate agent,HALO Real Estate Agent,2026-02-20T17:30:21.596568+00:00,8,12,3,8,2,3,8,4
hos14819653,https://www.rumah123.com/properti/jakarta-barat-tomang/ip2700-rukan-komersil-tomang-cocok-kantor-atau-dagang-hos14819653/,Ip2700 Rukan Komersil Tomang Cocok Kantor atau Dagang,1690000000.0,"Rp 1,69 Miliar",IDR,Rumah,Jakarta Barat,"Tomang, Jakarta Barat",Rekomendasi Komplek Properti,-6.17214,106.80272,36.0,90.0,1.0,3.0,,,3.0,2.0,,Bagus,SHM,Unfurnished,2200.0,Timur,Bata Merah,Granit,PAM atau PDAM,"Wastafel, Tempat Jemuran",Ridwan Sartono,Integrity Property,2026-02-20T17:30:26.612349+00:00,6,16,4,7,2,4,9,5
hos13807953,https://www.rumah123.com/properti/jakarta-barat-citra-garden/dijual-cepat-rumah-mewah-2-lantai-full-furnished-di-citra-6-hos13807953/,Dijual cepat Rumah mewah 2 lantai full furnished di Citra 6 ,5750000000.0,"Rp 5,75 Miliar",IDR,Rumah,Jakarta Barat,"Citra Garden, Jakarta Barat",Citra Garden 6,-6.1494199,106.71167,198.0,280.0,4.0,4.0,1.0,1.0,2.0,2.0,,Bagus,SHM,Furnished,7700.0,Selatan,"Beton, Bata Merah, Bata Hebel","Granit, Keramik",PAM atau PDAM,"Keamanan 24 Jam, Akses Parkir, Taman, Kolam Renang, One Gate System, Wastafel, Kitchen Set, Water Heater, AC, Tempat Jemuran, Kolam Renang, Kolam Ikan",Lenysu,Harmony Realty,2026-02-20T17:30:29.799911+00:00,4,8,3,7,2,1,12,6
hos40889774,https://www.rumah123.com/properti/jakarta-barat-citra-garden/rumah-baru-citra-harga-bagus-siap-huni-bisa-kpr-hos40889774/,Rumah Baru Citra Harga Bagus Siap Huni bisa KPR,3800000000.0,"Rp 3,8 Miliar",IDR,Rumah,Jakarta Barat,"Citra Garden, Jakarta Barat",Rekomendasi Komplek Properti,-6.14942,106.71167,128.0,260.0,5.0,5.0,1.0,1.0,3.0,2.0,,Bagus,SHM,Unfurnished,,Tenggara,,,,"Keamanan 24 Jam, Laundry, Jogging Track, Taman Bermain, Tempat Jemuran, Backyard, Tempat Cuci",Ricky Bong,GTR ( GROW TRUE REALTY ),2026-02-20T17:30:32.069074+00:00,5,8,3,9,0,4,11,6
hos19299124,https://www.rumah123.com/properti/jakarta-barat-metland-puri/rumah-metland-puri-clematis-shm-2-lantai-5x11-full-furnished-hos19299124/,Rumah Metland Puri Clematis SHM 2 Lantai 5X11 Full Furnished,1500000000.0,"Rp 1,5 Miliar",IDR,Rumah,Jakarta Barat,"Metland Puri, Jakarta Barat",Rekomendasi Komplek Properti,-6.173089,106.731194,55.0,63.0,2.0,2.0,,,2.0,1.0,,Bagus,SHM,Furnished,2200.0,Barat Daya,"Bata Merah, Bata Hebel","Granit, Marmer",PAM atau PDAM,"Keamanan 24 Jam, Akses Parkir, One Gate System, Wastafel, Kulkas, Kitchen Set, Kompor, Water Heater, Tempat Jemuran, Telepon, CCTV, AC",Dessy Chen,ERA Peak Green Lake City Branch,2026-02-20T17:30:41.460846+00:00,3,7,2,9,2,3,7,6
hos41062276,https://www.rumah123.com/properti/jakarta-barat-tanjung-duren-utara/rumah-untuk-ruang-usaha-di-tanjung-duren-jakarta-barat-lokasi-strategis-hos41062276/,Rumah untuk Ruang Usaha di Tanjung Duren Jakarta Barat Lokasi Strategis Luas Tanah.396m2.jarang Ada,19000000000.0,Rp 19 Miliar,IDR,Rumah,Jakarta Barat,"Tanjung Duren Utara, Jakarta Barat","Jl. Tanjung Duren Barat No. 3, Duri Kepa, Kebon Jeruk, Kota Jakarta Barat, DKI Jakarta, Indonesia, 11510",-6.171351,106.78392,379.0,350.0,1.0,1.0,1.0,1.0,1.0,1.0,,Renovasi Minimum,SHM,Unfurnished,4400.0,Barat,,,Sumur Pompa,"Tempat Jemuran, Teras",Gently Tiwa,ERA PROSPEK,2026-02-20T17:33:22.587732+00:00,6,13,4,5,3,1,7,5
hos40506230,https://www.rumah123.com/properti/jakarta-barat-kalideres/dijual-perumahan-daan-mogot-baru-komplek-kintamani-hos40506230/,Dijual Perumahan Daan Mogot Baru. Komplek Kintamani,3000000000.0,Rp 3 Miliar,IDR,Rumah,Jakarta Barat,"Kalideres, Jakarta Barat","Kluster Kintamani Daan Mogot Baru, Jl. Gilimanuk, Kalideres, Kalideres, Kota Jakarta Barat, DKI Jakarta, Indonesia, 11840",-6.1585,106.747,120.0,180.0,4.0,4.0,1.0,1.0,2.0,1.0,,Bagus,SHM,Unfurnished,2200.0,Utara,"Beton, Bata Merah",Keramik,PAM atau PDAM,"Keamanan 24 Jam, Taman, One Gate System, Jogging Track, Taman Bermain, Wastafel, Kitchen Set, Tempat Jemuran, Telepon, Teras",Arya Tanta,Xavier Marks Tanta,2026-02-20T17:34:55.730814+00:00,5,8,2,8,2,2,9,3
hos40758352,https://www.rumah123.com/properti/jakarta-barat-meruya/rumah-siap-huni-dalam-komplek-taman-villa-meruya-jakbar-dekat-akses-tol-jalan-lebar-2-mobil-hos40758352/,Rumah Siap Huni Dalam Komplek Taman Villa Meruya Jakbar Dekat Akses Tol Jalan Lebar 2 Mobil,10000000000.0,Rp 10 Miliar,IDR,Rumah,Jakarta Barat,"Meruya, Jakarta Barat",Rumah Siap Huni Dalam Komplek Taman Villa Meruya Jakbar Dekat Akses Tol Jalan Lebar 2 Mobil | Rumah123,-6.1585,106.747,375.0,550.0,4.0,3.0,1.0,1.0,2.0,2.0,,Renovasi Minimum,SHM,Semi Furnished,13900.0,Selatan,Bata Merah,Granit,PAM atau PDAM,"Keamanan 24 Jam, Akses Parkir, Taman, CCTV, One Gate System, Jogging Track, Taman Bermain, Wastafel, Mesin Cuci, Kitchen Set, Kompor, Water Heater, Tempat Jemuran, Telepon, Teras, CCTV, AC, Backyard, Tempat Cuci",Ariston,Xavier Marks Prestige,2026-02-20T17:35:04.686681+00:00,5,16,3,9,2,2,6,7
hos41007348,https://www.rumah123.com/properti/jakarta-barat-metland-puri/rumah-cantik-rapih-di-riviera-puri-metland-cyber-city-full-bangunan-hos41007348/,Rumah Cantik Rapih di Riviera Puri Metland Cyber City Full Bangunan,3750000000.0,"Rp 3,75 Miliar",IDR,Rumah,Jakarta Barat,"Metland Puri, Jakarta Barat","Cluster The Riviera, Perumahan Metland Puri, Jl. The Riviera, Petir, Cipondoh, Kota Tangerang, Banten, Indonesia, 15147",-6.195667819354575,106.7086322849276,120.0,200.0,4.0,3.0,1.0,1.0,2.0,2.0,,Bagus,SHM,Semi Furnished,5500.0,Selatan,,,PAM atau PDAM,"Keamanan 24 Jam, Akses Parkir, Kolam Renang, One Gate System, Wastafel, Kitchen Set, Water Heater, Tempat Jemuran, Taman, AC",Hary Prasetiyo,Era Fiesta Metland,2026-02-20T17:35:06.247744+00:00,6,12,3,6,3,3,11,6
hos40958646,https://www.rumah123.com/properti/jakarta-barat-joglo/pacific-garden-puri-cluster-termurah-di-jakarta-barat-konsep-baru-hos40958646/,"Rumah 3 Lantai Jakarta Barat, High Ceiling Pacific Garden Puri",2000000000.0,Rp 2 Miliar,IDR,Rumah,Jakarta Barat,"Joglo, Jakarta Barat","Blok 145, Kavling DKI Meruya Selatan, Jl. Kavling DKI Blok 145 No.12B, Kota Jakarta Barat, Kembangan, Meruya Selatan, DKI Jakarta, 11650",-6.21334,106.738472,66.0,126.0,4.0,4.0,1.0,1.0,3.0,2.0,,Bagus,SHM,Semi Furnished,2200.0,Timur Laut,"Beton, Bata Hebel","Granit, Vinyl",PAM atau PDAM,"Keamanan 24 Jam, Akses Parkir, Kolam Renang, CCTV, One Gate System, Laundry, Jogging Track, Taman Bermain, Wastafel, Kitchen Set, Water Heater, Tempat Jemuran, Telepon, Taman, Teras, CCTV, AC, Backyard, Tempat Cuci",Rizky Realty,Providence Property,2026-02-20T17:35:10.017687+00:00,5,12,5,6,2,3,8,4
hos16433739,https://www.rumah123.com/properti/jakarta-barat-green-garden/rumah-modern-siap-huni-di-green-garden-jakarta-barat-hos16433739/,Rumah Modern Siap Huni Di Green Garden Jakarta Barat ,6500000000.0,"Rp 6,5 Miliar",IDR,Rumah,Jakarta Barat,"Green garden, Jakarta Barat","Green garden, kedoya utara, jakarta barat ",-6.16868,106.75522,300.0,400.0,4.0,4.0,1.0,1.0,2.0,1.0,,Bagus,SHM,Semi Furnished,4400.0,Timur,,,PAM atau PDAM,"Keamanan 24 Jam, One Gate System",EGI  real estate agent,HALO Real Estate Agent,2026-02-20T17:37:20.095820+00:00,4,16,3,8,2,3,5,4
hos40320164,https://www.rumah123.com/properti/jakarta-barat-green-lake-city/dijual-cepat-rumah-cluster-west-europe-green-lake-city-hos40320164/,Dijual Cepat Rumah Cluster West Europe Green Lake City,1700000000.0,"Rp 1,7 Miliar",IDR,Rumah,Jakarta Barat,"Green Lake City, Jakarta Barat",Dijual Cepat Rumah Cluster West Europe Green Lake City | Rumah123,-6.180283,106.710808,60.0,80.0,2.0,2.0,1.0,,2.0,1.0,,Bagus,SHM,Furnished,4400.0,,"Beton, Bata Merah","Keramik, Marmer",PAM atau PDAM,"Keamanan 24 Jam, Akses Parkir, Taman, Kolam Renang, CCTV, One Gate System, Jogging Track, Taman Bermain, Wastafel, Kitchen Set, Tempat Jemuran, CCTV, AC",Vinny Ong,INFINITE ESTATE,2026-02-20T17:38:08.039152+00:00,6,10,4,7,2,3,12,3
hos19473016,https://www.rumah123.com/properti/jakarta-barat-sunrise-garden/rumah-dijual-sunrise-garden-minimalis-modern-2-lantai-lt-356m2-hos19473016/,Rumah Dijual Sunrise Garden Minimalis Modern 2 Lantai LT 356m2,7500000000.0,"Rp 7,5 Miliar",IDR,Rumah,Jakarta Barat,"Sunrise Garden, Jakarta Barat",Rekomendasi Komplek Properti,-6.169139,106.765015,356.0,350.0,3.0,3.0,1.0,1.0,2.0,1.0,,Bagus,SHM,Unfurnished,,Barat,,,PAM atau PDAM,"Keamanan 24 Jam, Tempat Jemuran, Telepon, Taman",Julianto Firman,INTERPRO Properti,2026-02-20T17:38:19.892803+00:00,4,9,4,6,2,4,12,5
hos40530200,https://www.rumah123.com/properti/jakarta-barat-intercon/rumah-hitung-tanah-dijual-intercon-cocok-untuk-bangun-ulang-117m2-hos40530200/,Rumah Hitung Tanah Dijual Intercon Cocok Untuk Bangun Ulang 117m2,2900000000.0,"Rp 2,9 Miliar",IDR,Rumah,Jakarta Barat,"Intercon, Jakarta Barat",Rekomendasi Komplek Properti,-6.206158,106.75,117.0,100.0,2.0,1.0,1.0,1.0,1.0,1.0,,Bagus,SHM,Unfurnished,,Selatan,,,PAM atau PDAM,"Keamanan 24 Jam, Taman, Wastafel, Tempat Jemuran, Telepon, Teras",Julianto Firman,INTERPRO Properti,2026-02-20T17:38:25.312512+00:00,4,13,3,5,1,4,9,6
hos40491029,https://www.rumah123.com/properti/jakarta-barat-puri-media/rumah-2-lantai-dijual-puri-media-kembangan-hadap-barat-lt-90m2-hos40491029/,Rumah 2 Lantai Dijual Puri Media Kembangan Hadap Barat - LT 90m2,2600000000.0,"Rp 2,6 Miliar",IDR,Rumah,Jakarta Barat,"Puri Media, Jakarta Barat",Rekomendasi Komplek Properti,-6.182485,106.733803,90.0,105.0,3.0,2.0,1.0,1.0,2.0,1.0,,Bagus,SHM,Unfurnished,,Barat,,,PAM atau PDAM,"Keamanan 24 Jam, Taman, Wastafel, Tempat Jemuran, Telepon, Teras",Julianto Firman,INTERPRO Properti,2026-02-20T17:38:32.515312+00:00,6,13,4,6,2,3,12,5
hos18449915,https://www.rumah123.com/properti/jakarta-barat-intercon/rumah-hook-2-lantai-blok-favorit-taman-intercon-kebon-jeruk-272m2-hos18449915/,Rumah Hook 2 Lantai Blok Favorit Taman Intercon Kebon Jeruk 272m2,6800000000.0,"Rp 6,8 Miliar",IDR,Rumah,Jakarta Barat,"Intercon, Jakarta Barat",Intercon Kebon Jeruk,-6.198376,106.7475629,272.0,300.0,5.0,3.0,1.0,1.0,2.0,2.0,,Bagus,SHM,Unfurnished,7700.0,Utara,,,PAM atau PDAM,"Keamanan 24 Jam, Taman, Tempat Jemuran, Telepon",Julianto Firman,INTERPRO Properti,2026-02-20T17:38:35.988943+00:00,7,9,4,5,2,1,11,3
hos40749633,https://www.rumah123.com/properti/jakarta-barat-taman-ratu/rumah-25-lantai-taman-ratu-semi-furnished-hadap-selatan-257m2-hos40749633/,Rumah Dijual Taman Ratu Semi Furnished Hadap Selatan - 257M2,2900000000.0,"Rp 2,9 Miliar",IDR,Rumah,Jakarta Barat,"Taman Ratu, Jakarta Barat",Rekomendasi Komplek Properti,-6.172144,106.767563,257.0,376.0,5.0,4.0,1.0,1.0,2.0,3.0,,Bagus,SHM,Semi Furnished,5500.0,Selatan,,,PAM atau PDAM,"Keamanan 24 Jam, Taman, Wastafel, Tempat Jemuran, Telepon, Teras",Julianto Firman,INTERPRO Properti,2026-02-20T17:39:45.540163+00:00,3,9,4,4,3,3,6,5
hos39915872,https://www.rumah123.com/properti/jakarta-barat-tomang/rumah-tomang-dekat-kampus-untar-dan-trisakti-hos39915872/,Rumah Tomang Dekat Kampus UNTAR dan Trisakti ,2100000000.0,"Rp 2,1 Miliar",IDR,Rumah,Jakarta Barat,"Tomang, Jakarta Barat","Tanjung Gedong Residence, Jl. Tanjung Gedong Raya, Tomang, Grogol Petamburan, Kota Jakarta Barat, DKI Jakarta, Indonesia, 11440",-6.169877648695149,106.79378130842603,53.0,180.0,5.0,4.0,,,3.0,1.0,,Renovasi Minimum,SHM,Unfurnished,5500.0,Tenggara,Bata Merah,Keramik,Sumur Pompa,"Masjid, Taman, Taman Bermain, Wastafel, Kitchen Set, Tempat Jemuran, Teras, AC, Tempat Cuci",FRANKLIN (FMN) Marlian,Brighton Akasia Tanjung Duren Jakarta Barat,2026-02-20T17:39:55.679707+00:00,3,13,3,8,2,3,9,4
hos9997591,https://www.rumah123.com/properti/jakarta-barat-meruya/dijual-rumah-shm-25-lantai-di-perumahan-taman-aries-hos9997591/,Dijual Rumah SHM 2.5 Lantai di Perumahan Taman Aries,2100000000.0,"Rp 2,1 Miliar",IDR,Rumah,Jakarta Barat,"Meruya, Jakarta Barat",Komplek Perumahan Taman Aries,-6.19665,106.73186,105.0,210.0,2.0,2.0,1.0,1.0,2.0,1.0,,Bagus,SHM,Unfurnished,2200.0,Selatan,,,,,FRANS NIKIN,MYPRO,2026-02-20T17:40:02.079295+00:00,7,15,3,7,3,3,6,4
hos39941713,https://www.rumah123.com/properti/jakarta-barat-alfa-indah/rumah-taman-alfa-indah-lingkungan-nyaman-harga-terbaik-hos39941713/,Rumah Taman Alfa Indah Harga Terbaik,1980000000.0,"Rp 1,98 Miliar",IDR,Rumah,Jakarta Barat,"Alfa Indah, Jakarta Barat",Perumahan/Komplek,-6.221994,106.753067,144.0,210.0,4.0,3.0,1.0,1.0,1.0,1.0,,Bagus,SHM,Unfurnished,3300.0,,,Keramik,PAM atau PDAM,"Keamanan 24 Jam, Wastafel, Kitchen Set, Teras",Rustam Chen,RAJAWALI PROPERTINDO,2026-02-20T17:40:13.688197+00:00,8,10,5,6,2,2,10,4
hos41099572,https://www.rumah123.com/properti/jakarta-barat-kembangan/komplek-btn-kembangan-utara-di-jalan-delima-hos41099572/,Komplek Btn Kembangan Utara di Jalan Delima,2300000000.0,"Rp 2,3 Miliar",IDR,Rumah,Jakarta Barat,"Kembangan, Jakarta Barat","Jl. Delima 1 No. 10, Kembangan Utara, Kembangan, Kota Jakarta Barat, DKI Jakarta, Indonesia, 11610",-6.19840588,106.7417649,135.0,212.0,3.0,2.0,2.0,1.0,2.0,1.0,,Bagus,SHM,Unfurnished,3500.0,Selatan,Bata Merah,Granit,Sumur Pompa,"Akses Parkir, Water Heater, Teras","LUZI, SE",ERA Star,2026-02-20T17:40:18.671086+00:00,5,14,4,7,2,2,8,5
hos39658265,https://www.rumah123.com/properti/jakarta-utara-pantai-indah-kapuk-2/termurahrumah-atlanta-8x15-pik2-tangerang-hos39658265/,Termurah.rumah Atlanta 8X15 Pik2 Tangerang,4000000000.0,Rp 4 Miliar,IDR,Rumah,Jakarta Utara,"Pantai Indah Kapuk 2, Jakarta Utara","Cluster Atlanta Perum Pantai Indah Kapuk 2, Perum Pantai Indah Kapuk 2 Cluster Atlanta, Salembaran Jati, Kosambi, Tangerang, Banten, Indonesia, 15214",-6.066228,106.711853,120.0,170.0,3.0,3.0,1.0,1.0,2.0,2.0,,Bagus,SHM,Unfurnished,4400.0,Selatan,,,PAM atau PDAM,"Keamanan 24 Jam, Taman, One Gate System, Laundry, Jogging Track, Taman Bermain, Wastafel, Tempat Cuci",Christine Pirono,Ray White Prestige,2026-02-20T17:40:55.013799+00:00,4,6,2,4,1,2,6,3
hos17758140,https://www.rumah123.com/properti/jakarta-utara-kelapa-gading/rumah-janur-elok-jalan-lebar-jakarta-utara-hos17758140/,Jual.cepat Janur Elok Jalan Lebar Kelapa Gading Dekat Sekolah Penaburjakarta Utara,5400000000.0,"Rp 5,4 Miliar",IDR,Rumah,Jakarta Utara,"Kelapa Gading, Jakarta Utara",Janur elok kelapa gading jakarta utara,-6.15808,106.91815,220.0,300.0,4.0,3.0,1.0,1.0,2.0,2.0,,Renovasi Minimum,SHM,Semi Furnished,5500.0,Utara,Bata Merah,Keramik,PAM atau PDAM,"Akses Parkir, Taman, One Gate System, Tempat Jemuran, Taman",Christine Pirono,Ray White Prestige,2026-02-20T17:40:58.499981+00:00,6,11,6,5,1,4,10,2
hos41041143,https://www.rumah123.com/properti/jakarta-utara-pantai-indah-kapuk-2/bisa-kpr-rumah-pik2-6x15-millenial-31-kamar-tidur-hos41041143/,Bisa KPR Rumah Pik2 6X15 Millenial (3+1 Kamar Tidur),2400000000.0,"Rp 2,4 Miliar",IDR,Rumah,Jakarta Utara,"Pantai Indah Kapuk 2, Jakarta Utara","Cluster Dallas PIK 2, Jl. Tanjung Burung, Tanjung Burung, Teluknaga, Tangerang, Banten, Indonesia, 15510",-6.066228,106.711853,90.0,119.0,3.0,3.0,1.0,1.0,2.0,2.0,,Bagus,SHM,Unfurnished,4400.0,Selatan,Beton,Keramik,PAM atau PDAM,"Keamanan 24 Jam, Akses Parkir, Taman, CCTV, One Gate System, Taman Bermain, Wastafel, Tempat Jemuran, Telepon, Taman, Backyard",Richard Infinite,INFINITE ESTATE,2026-02-20T17:42:31.615821+00:00,3,9,4,5,1,3,12,5
hos41028242,https://www.rumah123.com/properti/jakarta-utara-pantai-indah-kapuk-2/bisa-kpr-rumah-pik2-georgia-8x15-31-kamar-tidur-hos41028242/,Bisa KPR Rumah Pik2 Georgia 8X15 (3+1 Kamar Tidur),3360000000.0,"Rp 3,36 Miliar",IDR,Rumah,Jakarta Utara,"Pantai Indah Kapuk 2, Jakarta Utara","Cluster Georgia, PIK 2, Jl. Asia Afrika, Tanjung Burung, Teluknaga, Tangerang, Banten, Indonesia, 15510",-6.066228,106.711853,120.0,140.0,3.0,3.0,1.0,1.0,2.0,2.0,,Bagus,SHM,Unfurnished,4400.0,Selatan,Bata Merah,Keramik,PAM atau PDAM,"Keamanan 24 Jam, Akses Parkir, Taman, One Gate System, Taman Bermain, Kitchen Set, Tempat Jemuran, Telepon, Taman, Backyard",Richard Infinite,INFINITE ESTATE,2026-02-20T17:42:34.295049+00:00,3,10,4,7,1,3,9,4
hos41041522,https://www.rumah123.com/properti/jakarta-utara-pantai-indah-kapuk-2/cash-kpr-rumah-pik2-8x10-millenial-31-kamar-tidur-hos41041522/,Cash / KPR - Rumah Pik2 8X10 Millenial (3+1 Kamar Tidur),2150000000.0,"Rp 2,15 Miliar",IDR,Rumah,Jakarta Utara,"Pantai Indah Kapuk 2, Jakarta Utara","Cluster Georgia, PIK 2, Jl. Asia Afrika, Tanjung Burung, Teluknaga, Tangerang, Banten, Indonesia, 15510",-6.066228,106.711853,80.0,98.0,3.0,3.0,1.0,1.0,2.0,2.0,,Bagus,SHM,Unfurnished,4400.0,Selatan,Bata Merah,Keramik,PAM atau PDAM,"Keamanan 24 Jam, Akses Parkir, Taman, One Gate System, Taman Bermain, Wastafel, Water Heater, Tempat Jemuran, Telepon, Taman, CCTV, Backyard",Richard Infinite,INFINITE ESTATE,2026-02-20T17:42:37.164347+00:00,4,13,3,3,2,4,9,5
hos41051905,https://www.rumah123.com/properti/jakarta-utara-pantai-indah-kapuk-2/cash-kpr-rumah-pik2-45x15-millenial-21-kamar-tidur-hos41051905/,Cash / KPR - Rumah Pik2 4.5X15 Millenial (2+1 Kamar Tidur),1760000000.0,"Rp 1,76 Miliar",IDR,Rumah,Jakarta Utara,"Pantai Indah Kapuk 2, Jakarta Utara","Cluster Alabama PIK2 No.17, Tanjung Burung, Teluknaga, Tangerang, Banten, Indonesia, 15510",-6.066228,106.711853,67.0,88.0,2.0,2.0,1.0,1.0,2.0,,,Bagus,SHM,Unfurnished,4400.0,Selatan,Bata Merah,Keramik,PAM atau PDAM,"Keamanan 24 Jam, Taman, CCTV, One Gate System, Taman Bermain, Wastafel, Telepon, Taman, Backyard",Richard Infinite,INFINITE ESTATE,2026-02-20T17:42:39.768918+00:00,6,11,2,4,2,2,9,3
hos16921457,https://www.rumah123.com/properti/jakarta-utara-golf-island/cash-kpr-rumah-golf-island-pik-250m2-3-lantai-hos16921457/,Bisa KPR Rumah Golf Island Chopin 250M2 (3 Lantai),10500000000.0,"Rp 10,5 Miliar",IDR,Rumah,Jakarta Utara,"Golf Island, Jakarta Utara",Golf Island PIK,-6.0912957191467285,106.7445297241211,250.0,358.0,3.0,4.0,1.0,1.0,3.0,,,Bagus,HGB,Unfurnished,5500.0,Selatan,,,,"Keamanan 24 Jam, Taman, One Gate System, Telepon",Richard Infinite,INFINITE ESTATE,2026-02-20T17:42:43.847343+00:00,6,14,3,7,2,2,11,4
hos40964632,https://www.rumah123.com/properti/jakarta-utara-pantai-indah-kapuk/cash-kpr-rumah-golf-island-8x20-31-kamar-tidur-hos40964632/,Cash / KPR - Rumah Golf Island 8X20 (3+1 Kamar Tidur),5180000000.0,"Rp 5,18 Miliar",IDR,Rumah,Jakarta Utara,"Pantai Indah Kapuk, Jakarta Utara","Cluster Harmony, Perumahan Golf Island PIK 2, Jl. Akasia, Kamal Muara, Penjaringan, Kota Jakarta Utara, DKI Jakarta, Indonesia, 14470",-6.102623,106.74115,160.0,174.0,3.0,3.0,1.0,1.0,1.0,1.0,,Bagus,SHM,Unfurnished,4400.0,Selatan,Beton,Keramik,PAM atau PDAM,"Keamanan 24 Jam, Taman, One Gate System, Jogging Track, Wastafel, Tempat Jemuran, Telepon, CCTV",Richard Infinite,INFINITE ESTATE,2026-02-20T17:59:42.931849+00:00,4,11,5,7,2,2,7,5
hos40999160,https://www.rumah123.com/properti/jakarta-utara-pantai-indah-kapuk/cash-kpr-rumah-golf-island-12x25-41-kamar-tidur-hos40999160/,Cash / KPR - Rumah Golf Island 12X25 (4+1 Kamar Tidur),11000000000.0,Rp 11 Miliar,IDR,Rumah,Jakarta Utara,"Pantai Indah Kapuk, Jakarta Utara",Rekomendasi Komplek Properti,-6.102623,106.74115,300.0,435.0,4.0,4.0,1.0,1.0,2.0,2.0,,Bagus,HGB,Unfurnished,4400.0,Utara,Bata Hebel,Keramik,PAM atau PDAM,"Keamanan 24 Jam, Taman, CCTV, One Gate System, Taman Bermain, Kitchen Set, Tempat Jemuran, Telepon",Richard Infinite,INFINITE ESTATE,2026-02-20T17:59:46.186579+00:00,4,10,2,7,1,1,5,6
hos40999148,https://www.rumah123.com/properti/jakarta-utara-golf-island/cash-kpr-rumah-golf-island-pik-12x25-41-kamar-tidur-hos40999148/,Cash / KPR - Rumah Golf Island Pik 12X25 (4+1 Kamar Tidur),11000000000.0,Rp 11 Miliar,IDR,Rumah,Jakarta Utara,"Golf Island, Jakarta Utara","Cluster Serenade Lagoon 1, Jl. Pantai Indah Kapuk No. 9, Kamal Muara, Penjaringan, Kota Jakarta Utara, DKI Jakarta, Indonesia, 14470",-6.091296,106.74453,300.0,435.0,4.0,4.0,1.0,1.0,2.0,2.0,,Bagus,HGB,Unfurnished,4400.0,Utara,Bata Hebel,Keramik,PAM atau PDAM,"Keamanan 24 Jam, Taman, One Gate System, Taman Bermain, Wastafel, Tempat Jemuran, Telepon, Taman, Backyard",Richard Infinite,INFINITE ESTATE,2026-02-20T17:59:46.791575+00:00,3,9,3,8,3,2,9,3
hos16519512,https://www.rumah123.com/properti/jakarta-utara-pantai-indah-kapuk/cash-kpr-rumah-golf-island-chopin-250m2-3-lantai-hos16519512/,Cash / KPR - Rumah Golf Island Chopin 250M2 (3 Lantai),10500000000.0,"Rp 10,5 Miliar",IDR,Rumah,Jakarta Utara,"Pantai Indah Kapuk, Jakarta Utara",Golf Island PIK,-6.088457107543945,106.75130462646484,250.0,358.0,3.0,4.0,1.0,1.0,3.0,2.0,,Bagus,HGB,Unfurnished,5500.0,Selatan,Batako,"Granit, Marmer",PAM atau PDAM,"Keamanan 24 Jam, Akses Parkir, Taman, CCTV, Wastafel, Kitchen Set, CCTV, Tempat Jemuran, Telepon, Taman",Richard Infinite,INFINITE ESTATE,2026-02-20T17:59:49.122265+00:00,3,13,3,3,1,2,6,3
hos17087424,https://www.rumah123.com/properti/jakarta-utara-golf-island/termurah-rumah-golf-island-pik-12x20-3-lantai-hos17087424/,Cash / KPR - Rumah Golf Island Pik 12X20 (3 Lantai),9500000000.0,"Rp 9,5 Miliar",IDR,Rumah,Jakarta Utara,"Golf Island, Jakarta Utara",Golf Island PIK,-6.091296,106.74453,240.0,435.0,4.0,5.0,1.0,1.0,3.0,2.0,,Baru,HGB,Unfurnished,4400.0,Utara,Batako,"Granit, Marmer, Vinyl",PAM atau PDAM,"Keamanan 24 Jam, Telepon",Richard Infinite,INFINITE ESTATE,2026-02-20T17:59:51.007931+00:00,6,9,2,8,3,3,7,3
hos11076701,https://www.rumah123.com/properti/jakarta-utara-pantai-indah-kapuk-2/rumah-baru-pik2-manhattan-200m2-8x25-bagus-hos11076701/,Rumah Pik2 Manhattan 8X25 Full Furnished (3+1 Kamar Tidur),7800000000.0,"Rp 7,8 Miliar",IDR,Rumah,Jakarta Utara,"Pantai Indah Kapuk 2, Jakarta Utara",Manhattan PIK2,-6.070101261138916,106.69953155517578,200.0,300.0,3.0,4.0,1.0,1.0,2.0,1.0,,Bagus,SHM,Unfurnished,4400.0,Utara,,,,"Keamanan 24 Jam, Taman, Kolam Renang, Taman",Richard Infinite,INFINITE ESTATE,2026-02-20T17:59:51.581220+00:00,2,11,3,8,3,2,7,5
hos16702986,https://www.rumah123.com/properti/jakarta-utara-golf-island/cash-kpr-rumah-golf-island-pik-harmony-8x20-hos16702986/,Cash / KPR - Rumah Golf Island Harmony 8X20 Pine,5180000000.0,"Rp 5,18 Miliar",IDR,Rumah,Jakarta Utara,"Golf Island, Jakarta Utara",Golf Island PIK,-6.0912957191467285,106.7445297241211,160.0,178.0,3.0,3.0,1.0,1.0,2.0,2.0,,Bagus,Lainnya,Unfurnished,4400.0,Selatan,Batako,"Granit, Marmer",PAM atau PDAM,,Richard Infinite,INFINITE ESTATE,2026-02-20T17:59:51.605749+00:00,7,8,3,5,1,1,10,4
hos39724250,https://www.rumah123.com/properti/jakarta-utara-pantai-indah-kapuk-2/cash-kpr-rumah-pik2-osaka-6x10-3-lantai-hos39724250/,Cash / KPR - Rumah Pik2 Osaka 6X10 (3 Lantai),2580000000.0,"Rp 2,58 Miliar",IDR,Rumah,Jakarta Utara,"Pantai Indah Kapuk 2, Jakarta Utara","Jl. Raya Boulevard Osaka, Salembaran, Kosambi, Tangerang, Banten, Indonesia, 15214",-6.066228,106.711853,60.0,138.0,3.0,3.0,1.0,1.0,3.0,2.0,,Bagus,SHM,Unfurnished,4400.0,Selatan,Bata Merah,Keramik,PAM atau PDAM,"Keamanan 24 Jam, Akses Parkir, Taman, Taman Bermain, Telepon, Taman",Richard Infinite,INFINITE ESTATE,2026-02-20T17:59:52.333035+00:00,7,10,3,7,2,2,11,4
hos10272724,https://www.rumah123.com/properti/jakarta-utara-pantai-indah-kapuk-2/bsa-kpr-rumah-pik2-atlanta-8x15-shm-31-kamar-tidur-hos10272724/,Cash / KPR - Rumah Pik2 Tahap 1 8X15 [3+1 Kamar Tidur],3750000000.0,"Rp 3,75 Miliar",IDR,Rumah,Jakarta Utara,"Pantai Indah Kapuk 2, Jakarta Utara",Pantai Indah Kapuk 2,-6.1237101554870605,106.8769989013672,120.0,170.0,3.0,3.0,1.0,1.0,2.0,2.0,,Bagus,SHM,Unfurnished,4400.0,Selatan,,,PAM atau PDAM,"Keamanan 24 Jam, Telepon",Richard Infinite,INFINITE ESTATE,2026-02-20T17:59:53.380848+00:00,6,8,5,8,1,3,6,5
hos9946024,https://www.rumah123.com/properti/jakarta-utara-kelapa-gading/jual-cepat-rumah-tinggal-janur-elok-masuk-dr-penabur-taipei-school-hos9946024/,Jual Cepat Rumah Tinggal Janur Elok (Masuk Dr Penabur / Taipei School),5500000000.0,"Rp 5,5 Miliar",IDR,Rumah,Jakarta Utara,"Kelapa Gading, Jakarta Utara",Janur elok kelapa gading Jakarta Utara,-6.15808,106.91815,240.0,350.0,4.0,3.0,1.0,1.0,2.0,1.0,,Bagus,SHM,Semi Furnished,7700.0,Utara,Bata Merah,Keramik,PAM atau PDAM,"Keamanan 24 Jam, Taman, One Gate System, Wastafel, Kitchen Set, Kompor, AC, Tempat Jemuran, Telepon, Taman",Hendra KS,GadingPro Kelapa Gading,2026-02-20T18:00:12.137282+00:00,6,10,3,7,3,3,8,4
hos19121000,https://www.rumah123.com/properti/jakarta-utara-pantai-indah-kapuk/turun-harga-bangunan-kontraktor-uk-7x25-walet-pik-1-segera-terjual-hos19121000/,Turun Harga! Bangunan Kontraktor Uk 7X25 Walet Pik 1 Segera Terjual,4900000000.0,"Rp 4,9 Miliar",IDR,Rumah,Jakarta Utara,"Pantai Indah Kapuk, Jakarta Utara",Pantai Indah Kapuk,-6.12367,106.75318,175.0,210.0,4.0,3.0,1.0,1.0,2.0,1.0,,Sudah Renovasi,SHM,Semi Furnished,6600.0,Selatan,"Beton, Bata Hebel","Granit, Keramik, Vinyl",PAM atau PDAM,"Keamanan 24 Jam, Akses Parkir, Taman, Kolam Renang, CCTV, One Gate System, Laundry, Wastafel, Kulkas, Mesin Cuci, Kitchen Set, Kompor, Water Heater, AC, CCTV, Tempat Jemuran, Telepon, Taman",Natan Chen, Icon Property PIK,2026-02-20T18:00:17.201099+00:00,4,12,2,5,0,3,8,5
hos17293197,https://www.rumah123.com/properti/jakarta-utara-golf-island/cash-kpr-rumah-golf-island-12x30-41-kamar-tidur-hos17293197/,Cash / KPR - Rumah Golf Island 12X30 [4+1 Kamar Tidur],12500000000.0,"Rp 12,5 Miliar",IDR,Rumah,Jakarta Utara,"Golf Island, Jakarta Utara",Golf Island PIK,-6.091295568016,106.74452901516,360.0,435.0,4.0,4.0,1.0,1.0,2.0,2.0,,Bagus,HGB,Unfurnished,4400.0,Selatan,Batako,"Keramik, Vinyl",PAM atau PDAM,"Keamanan 24 Jam, Telepon",Richard Infinite,INFINITE ESTATE,2026-02-20T18:00:32.022112+00:00,5,10,5,5,3,2,7,4
hos40830875,https://www.rumah123.com/properti/jakarta-utara-kelapa-gading/rumah-huk-gading-kirana-kelapa-gading-jarang-ada-329-m-hos40830875/,Rumah Huk Gading Kirana Kelapa Gading Jarang Ada 329 M,13000000000.0,Rp 13 Miliar,IDR,Rumah,Jakarta Utara,"Kelapa Gading, Jakarta Utara","Indomaret Gading Kirana I, Jl. Gading Kirana Timur IX, Kelapa Gading Barat, Kelapa Gading, Kota Jakarta Utara, DKI Jakarta, Indonesia, 14240",-6.145819881956967,106.89729714982955,329.0,400.0,5.0,5.0,2.0,2.0,3.0,1.0,,Sudah Renovasi,SHM,Semi Furnished,11000.0,Selatan,,,,"Keamanan 24 Jam, Teras",Christine,AVERY REALTY,2026-02-20T18:00:42.157326+00:00,7,10,2,5,3,4,8,3
hos40793159,https://www.rumah123.com/properti/jakarta-utara-pantai-indah-kapuk/rumah-pik1-cluster-bgm-harga-murah-siap-huni-hos40793159/,Rumah Pik1 Cluster Bgm Harga Murah Siap Huni,8500000000.0,"Rp 8,5 Miliar",IDR,Rumah,Jakarta Utara,"Pantai Indah Kapuk, Jakarta Utara",Rumah Pik1 Cluster Bgm Harga Murah Siap Huni | Rumah123,-6.102623,106.74115,180.0,250.0,3.0,3.0,1.0,1.0,3.0,2.0,,Renovasi Minimum,SHM,Semi Furnished,,Utara,,,,"Keamanan 24 Jam, Akses Parkir, Kolam Renang, One Gate System, Wastafel, Mesin Cuci, Kitchen Set, Tempat Jemuran, Telepon, CCTV, AC",Ricky Bong,GTR ( GROW TRUE REALTY ),2026-02-20T18:15:52.166900+00:00,6,7,2,6,2,2,7,4
hos40957999,https://www.rumah123.com/properti/jakarta-utara-pantai-indah-kapuk/rumah-mewah-elang-laut-pik-10x30-shm-25-lantai-full-furnished-hos40957999/,"Rumah Mewah Elang Laut Pik 10X30, SHM, 2,5 Lantai, Full Furnished",12500000000.0,"Rp 12,5 Miliar",IDR,Rumah,Jakarta Utara,"Pantai Indah Kapuk, Jakarta Utara",Fasilitas Perumahan,-6.102623,106.74115,300.0,450.0,4.0,6.0,2.0,1.0,3.0,3.0,,Bagus,SHM,Furnished,5500.0,Selatan,"Batako, Bata Hebel",Marmer,PAM atau PDAM,"Keamanan 24 Jam, Akses Parkir, Taman, Kolam Renang, CCTV, One Gate System, Jogging Track, Taman Bermain, Wastafel, Kulkas, Mesin Cuci, Kitchen Set, Kompor, Water Heater, Tempat Jemuran, Telepon, Kolam Renang, Taman, Teras, CCTV, AC, Tempat Cuci",Vivi Era,ERA Peak Green Lake City Branch,2026-02-20T18:15:52.272503+00:00,4,8,3,6,3,2,9,4
hos41036124,https://www.rumah123.com/properti/jakarta-utara-pantai-mutiara/rumah-mewah-di-pantai-mutiara-pluit-full-marmer-view-laut-hos41036124/,Rumah Mewah di Pantai Mutiara Pluit Full Marmer View Laut,32000000000.0,Rp 32 Miliar,IDR,Rumah,Jakarta Utara,"Pantai Mutiara, Jakarta Utara","Jl. Pantai Mutiara No. 8, Pluit, Penjaringan, Kota Jakarta Utara, DKI Jakarta, Indonesia, 14450",-6.10773,106.791458,609.0,1200.0,5.0,5.0,2.0,2.0,4.0,2.0,,Bagus,HGB,Furnished,13200.0,Selatan,"Beton, Bata Hebel","Marmer, Vinyl",PAM atau PDAM,"Keamanan 24 Jam, Akses Parkir, Taman, Kolam Renang, CCTV, One Gate System, Laundry, Jogging Track, Taman Bermain, Wastafel, Kulkas, Mesin Cuci, Kitchen Set, Kompor, Water Heater, Tempat Jemuran, Telepon, Kolam Renang, Taman, Kolam Ikan, Teras, CCTV, AC, Tempat Cuci",Rico Math,Creative Property PIK,2026-02-20T18:16:06.839816+00:00,5,10,2,6,1,1,6,4
hos40943007,https://www.rumah123.com/properti/jakarta-utara-kelapa-gading/rumah-kelapa-gading-brand-new-aman-banjir-komplek-favorit-6x20-hos40943007/,Rumah Kelapa Gading Brand New Aman Banjir Komplek Favorit 6X20,5190000000.0,"Rp 5,19 Miliar",IDR,Rumah,Jakarta Utara,"Kelapa Gading, Jakarta Utara",Rumah Kelapa Gading Brand New Aman Banjir Komplek Favorit 6X20 | Rumah123,-6.15808,106.918152,120.0,360.0,5.0,6.0,1.0,1.0,4.0,1.0,,Bagus,SHM,Unfurnished,2200.0,Barat,Beton,"Granit, Keramik",PAM atau PDAM,"Keamanan 24 Jam, Akses Parkir, One Gate System, Wastafel, Kitchen Set, Tempat Jemuran, Teras, Backyard, Tempat Cuci",Lily Lim,GadingPro Sunter,2026-02-20T18:16:07.856772+00:00,4,8,5,4,1,3,9,4
hos41093353,https://www.rumah123.com/properti/jakarta-utara-kelapa-gading/dijual-rumah-modern-minimalis-janur-kuning-25lt-36m-hos41093353/,Dijual Rumah Modern Minimalis Janur Kuning 2.5Lt @3.6M,3600000000.0,"Rp 3,6 Miliar",IDR,Rumah,Jakarta Utara,"Kelapa Gading, Jakarta Utara",Perumahan/Komplek,-6.16076844,106.9035302,102.0,180.0,3.0,3.0,1.0,1.0,3.0,2.0,,Bagus,SHM,Unfurnished,4400.0,Selatan,Bata Merah,Keramik,PAM atau PDAM,"Keamanan 24 Jam, One Gate System, Wastafel, Kitchen Set, Teras",Emilia Era Gading,ERA GADING,2026-02-20T18:16:09.296500+00:00,6,16,4,7,2,2,11,4
hos40330383,https://www.rumah123.com/properti/jakarta-utara-pantai-indah-kapuk-2/hot-unit-primary-promo-sepesial-rumah-bukit-nirmala-pik2-free-ppn-hos40330383/,"Hot Unit Primary! Promo Spesial Rumah Bukit Nirmala 6X12,5 Pik 2 - Only One Unit",2400000000.0,"Rp 2,4 Miliar",IDR,Rumah,Jakarta Utara,"Pantai Indah Kapuk 2, Jakarta Utara","Cluster Bukit Nirmala 5 No.17, Kosambi Timur, Kosambi, Tangerang, Banten, Indonesia, 15213",-6.0773662,106.7058946,80.0,127.0,3.0,3.0,1.0,1.0,2.0,1.0,,Bagus,PPJB,Unfurnished,4400.0,Selatan,,,,"Keamanan 24 Jam, Tempat Jemuran, Teras, Tempat Cuci",Angelina Limanto,ERA Peak,2026-02-20T18:16:35.598583+00:00,7,7,2,4,2,2,8,2
hos39265593,https://www.rumah123.com/properti/jakarta-utara-kelapa-gading/jual-cepat-murah-rumah-minimalis-2-lantai-3-kamar-bebas-banjir-di-kelapa-gading-hos39265593/,Jual Cepat ....Murah Banget...Rumah Minimalis 2 Lantai 3 Kamar Bebas Banjir di Gading Imperial Kelapa Gading,2500000000.0,"Rp 2,5 Miliar",IDR,Rumah,Jakarta Utara,"Kelapa Gading, Jakarta Utara","Blok E3 No.7 Komplek Imperial Gading, Imperial Gading Residence, Jl. Tlk Pananjung Block E3 No. 7, Sukapura, Cilincing, Kota Jakarta Utara, DKI Jakarta, Indonesia, 14140",-6.15808,106.918152,122.0,175.0,3.0,3.0,1.0,1.0,2.0,2.0,,Bagus,SHM,Semi Furnished,2200.0,Timur,"Batako, Beton, Bata Merah, Bata Hebel","Granit, Keramik, Marmer",PAM atau PDAM,"Keamanan 24 Jam, Masjid, Akses Parkir, Taman, Kolam Renang, CCTV, One Gate System, Laundry, Jogging Track, Taman Bermain, Wastafel, Kulkas, Mesin Cuci, Kitchen Set, Kompor, Water Heater, Tempat Jemuran, Telepon, Taman, Kolam Ikan, Teras, CCTV, AC, Backyard, Tempat Cuci",Djauhari Kiki,GadingPro MOI,2026-02-20T18:33:40.297560+00:00,3,7,4,5,2,2,12,4
hos41061863,https://www.rumah123.com/properti/jakarta-utara-cilincing/rumah-mewah-2-lantai-di-cilincing-jakarta-utara-sangat-dekat-dengan-tol-jorr-hos41061863/,"Rumah Mewah 2 Lantai di Cilincing Jakarta Utara, Sangat Dekat dengan Tol Jorr",4000000000.0,Rp 4 Miliar,IDR,Rumah,Jakarta Utara,"Cilincing, Jakarta Utara","Jl. Kebantenan IV No. 49, Semper Timur, Cilincing, Kota Jakarta Utara, DKI Jakarta, Indonesia, 14130",-6.1120001,106.931,256.0,286.0,6.0,5.0,1.0,1.0,2.0,1.0,,Bagus,SHM,Semi Furnished,2200.0,,,,PAM atau PDAM,"Keamanan 24 Jam, One Gate System, Kitchen Set, Tempat Jemuran, Telepon, Taman, Teras",I Made Timotius Moerthy,$undefined,2026-02-20T18:34:22.017003+00:00,7,9,3,7,1,3,9,4
hos41043250,https://www.rumah123.com/properti/jakarta-utara-sunter/jual-murah-rumah-shm-di-sunter-agung-jakarta-dekat-fasum-jis-hos41043250/,"Jual Murah Rumah SHM di Sunter Agung Jakarta Dekat Fasum, Jis",4000000000.0,Rp 4 Miliar,IDR,Rumah,Jakarta Utara,"Sunter, Jakarta Utara",Komplek Perumahan,-6.13717,106.865242,193.0,193.0,5.0,3.0,,,2.0,1.0,,Bagus,SHM,Unfurnished,1300.0,Utara,"Batako, Bata Merah",Keramik,PAM atau PDAM,"Akses Parkir, Wastafel, Tempat Jemuran, Taman, Teras, Backyard, Tempat Cuci",Lidia Chandra,$undefined,2026-02-20T18:50:23.182024+00:00,4,10,2,3,1,3,5,2
hos16428473,https://www.rumah123.com/properti/jakarta-utara-sunter/danau-sunter-selatan-rumah-mewah-lokasi-strategis-hos16428473/,Danau Sunter Selatan Rumah Mewah Lokasi Strategis,24000000000.0,Rp 24 Miliar,IDR,Rumah,Jakarta Utara,"Sunter, Jakarta Utara",Jl. Danau Sunter Selatan,-6.13717,106.86524,910.0,1107.0,5.0,3.0,1.0,1.0,2.0,10.0,,Bagus,SHM,Semi Furnished,,Selatan,Bata Merah,Marmer,PAM atau PDAM,"Masjid, Wastafel, Water Heater, AC, Tempat Jemuran, Telepon, Taman, Kolam Ikan",Yumico  Lee,Era Fiesta Metland,2026-02-20T18:50:26.752266+00:00,6,14,4,5,1,2,8,4
hos41052965,https://www.rumah123.com/properti/jakarta-utara-pantai-indah-kapuk/rumah-3-lantai-cluster-florence-pik-jakut-hos41052965/,Rumah 3 Lantai Cluster Florence Pik Jakut For Sale,10500000000.0,"Rp 10,5 Miliar",IDR,Rumah,Jakarta Utara,"Pantai Indah Kapuk, Jakarta Utara",Rumah 3 Lantai Cluster Florence Pik Jakut For Sale | Rumah123,-6.102623,106.74115,250.0,400.0,4.0,4.0,1.0,1.0,3.0,1.0,,Bagus,SHM,Semi Furnished,,,,,PAM atau PDAM,"Keamanan 24 Jam, Telepon",Vitasya,Era Golden Triangle,2026-02-20T18:50:29.019389+00:00,7,14,2,4,3,2,11,6
hos40914286,https://www.rumah123.com/properti/jakarta-utara-ancol/rumah-dijual-ancol-timur-5-kamar-tidur-hadap-selatan-luas-772m2-hos40914286/,Rumah Dijual Ancol Timur 5 Kamar Tidur Hadap Selatan - Luas 772M2,14500000000.0,"Rp 14,5 Miliar",IDR,Rumah,Jakarta Utara,"Ancol, Jakarta Utara",Perumahan/Komplek,-6.12912,106.833351,772.0,650.0,5.0,4.0,1.0,1.0,2.0,2.0,,Bagus,HGB,Unfurnished,13900.0,Selatan,,,PAM atau PDAM,"Keamanan 24 Jam, Taman, Wastafel, Tempat Jemuran, Telepon, Teras, Backyard",Julianto Firman,INTERPRO Properti,2026-02-20T18:50:37.377715+00:00,4,10,2,6,1,2,8,6
hos40171320,https://www.rumah123.com/properti/jakarta-timur-rawamangun/dijual-rumah-siap-huni-suasana-komplek-lokasi-ok-hos40171320/,Dijual Rumah Siap Huni Suasana Komplek Lokasi Ok,3900000000.0,"Rp 3,9 Miliar",IDR,Rumah,Jakarta Timur,"Rawamangun, Jakarta Timur","Jl. Kakap Raya No. 45, Jati, Pulogadung, Kota Jakarta Timur, DKI Jakarta, Indonesia, 13220",-6.19669,106.888428,135.0,250.0,3.0,3.0,1.0,1.0,2.0,2.0,,Bagus,SHM,Semi Furnished,3500.0,Selatan,,,Sumur Pompa,"Keamanan 24 Jam, Masjid, Akses Parkir, Taman Bermain, Kitchen Set, Taman, AC",Aris.Thehomes,The Homes Tebet,2026-02-20T18:51:08.256366+00:00,4,13,3,7,1,2,7,3
hos19260338,https://www.rumah123.com/properti/jakarta-timur-cipayung/rumah-komplek-anggrek-loka-cipayung-jakarta-timur-hos19260338/,Rumah Komplek Anggrek Loka Kamar Tidur 2+1 Cipayung Jakarta Timur,750000000.0,Rp 750 Juta,IDR,Rumah,Jakarta Timur,"Cipayung, Jakarta Timur",Rumah Komplek Anggrek Loka Kamar Tidur 2+1 Cipayung Jakarta Timur | Rumah123,-6.33049,106.91112,84.0,54.0,3.0,1.0,,,1.0,1.0,,Renovasi Minimum,SHM,Unfurnished,1300.0,Selatan,,Keramik,Sumur Pompa,,ROZI (VWDX),$undefined,2026-02-20T18:51:20.403480+00:00,5,13,2,6,1,2,8,2
hos41106014,https://www.rumah123.com/properti/jakarta-timur-duren-sawit/rumah-2-lantai-di-pondok-bambu-duren-sawit-jakarta-timur-hos41106014/,Rumah 2 Lantai di Pondok Bambu Duren Sawit Jakarta Timur,2300000000.0,"Rp 2,3 Miliar",IDR,Rumah,Jakarta Timur,"Duren Sawit, Jakarta Timur",Fasilitas Perumahan,-6.23246061,106.9204409,90.0,140.0,3.0,3.0,,,2.0,2.0,,Bagus,SHM,Unfurnished,2200.0,Utara,,,PAM atau PDAM,"Keamanan 24 Jam, Telepon",Arco Sirc.,Arvi Pro,2026-02-20T18:51:28.033848+00:00,5,6,4,7,3,3,8,4
hos17455486,https://www.rumah123.com/properti/jakarta-timur-cakung/rumah-2-lt-lebar-12-di-taman-modern-cakung-harga-bwh-njop-hos17455486/,"Rumah 2 lt Lebar 12 di Taman Modern, Cakung. Harga bwh NJOP",4900000000.0,"Rp 4,9 Miliar",IDR,Rumah,Jakarta Timur,"Cakung, Jakarta Timur","Jl. Raya Taman Modern, Cakung",-6.18489,106.94493,420.0,500.0,4.0,3.0,2.0,1.0,2.0,2.0,,Bagus,SHM,Unfurnished,,,,Keramik,PAM atau PDAM,"Masjid, Akses Parkir, Taman, CCTV, Laundry, Wastafel, Tempat Jemuran, Taman",Tetry.XMarks,Xavier Marks First Bekasi,2026-02-20T18:51:35.114195+00:00,6,10,3,6,1,3,6,3
hos18814080,https://www.rumah123.com/properti/jakarta-timur-rawamangun/rumah-kokoh-hook-dlm-komplek-di-rawamangun-jak-tim-hos18814080/,Rumah Kokoh Hook Dlm Komplek di Rawamangun Jak - Tim,16500000000.0,"Rp 16,5 Miliar",IDR,Rumah,Jakarta Timur,"Rawamangun, Jakarta Timur",Rawamangun Jakarta Timur,-6.19669,106.88843,1260.0,600.0,5.0,4.0,3.0,1.0,,2.0,,Bagus,SHM,Unfurnished,13300.0,Timur,Bata Merah,"Granit, Keramik",Sumur Bor,"Keamanan 24 Jam, Wastafel, Tempat Jemuran, Taman",Suryadi,Galaxy Media Property,2026-02-20T18:51:40.462587+00:00,3,7,5,3,2,3,8,6
hos18766534,https://www.rumah123.com/properti/jakarta-timur-cipayung/rumah-2lantai-full-bata-merah-deket-mcd-cipayunglrt-ciracas-hos18766534/,Rumah 2Lantai Full Bata Merah Deket Mc'd Cipayung/Lrt Ciracas,1100000000.0,"Rp 1,1 Miliar",IDR,Rumah,Jakarta Timur,"Cipayung, Jakarta Timur",Mc'd Cipayung Jakarta timur,-6.33049,106.91112,60.0,65.0,3.0,2.0,,,2.0,2.0,,Baru,SHM,,2200.0,Selatan,"Beton, Bata Merah","Granit, Keramik, Ubin",,"Keamanan 24 Jam, Akses Parkir, Taman, CCTV, One Gate System, Wastafel, Tempat Jemuran, Telepon, Taman",Abu Tsaqif,Hasanah Properti Indonesia,2026-02-20T18:51:44.108221+00:00,6,8,4,6,2,2,8,5
hos17780891,https://www.rumah123.com/properti/jakarta-timur-lubang-buaya/rumah-2-lantai-dilubang-buaya-deket-tol-lrt-taman-mini-hos17780891/,Rumah 2 Lantai Dilubang Buaya Deket Tol Lrt Taman Mini,900000000.0,Rp 900 Juta,IDR,Rumah,Jakarta Timur,"Lubang Buaya, Jakarta Timur",Deket jln raya lubang buaya jakarta timur,-6.2936,106.90837,56.0,70.0,3.0,3.0,,1.0,2.0,1.0,,Baru,SHM,,,,"Batako, Beton, Bata Hebel","Granit, Keramik",Sumur Bor,"Akses Parkir, Taman, CCTV, One Gate System, Wastafel, AC, CCTV, Tempat Jemuran, Telepon, Taman",Abu Tsaqif,Hasanah Properti Indonesia,2026-02-20T18:51:44.566758+00:00,2,7,2,3,2,1,11,4
hos18615833,https://www.rumah123.com/properti/jakarta-timur-cakung/murah-jual-rumah-siap-huni-di-sedayu-city-6x125-selatan-hos18615833/,Murah!!  Jual Rumah Siap Huni Di Sedayu City 6x12.5 Selatan,2950000000.0,"Rp 2,95 Miliar",IDR,Rumah,Jakarta Timur,"Cakung, Jakarta Timur",Sedayu City,-6.18489,106.94493,75.0,120.0,3.0,2.0,1.0,1.0,,1.0,,Sudah Renovasi,Lainnya,Furnished,3500.0,Selatan,,,PAM atau PDAM,,thing thing,ERA GADING,2026-02-20T18:52:02.780150+00:00,2,7,2,5,2,3,7,3
hos40384773,https://www.rumah123.com/properti/jakarta-timur-duren-sawit/dijual-rumah-baru-bergaya-minimalis-2-lantai-siap-huni-akses-tol-jorr-becakayu-dan-dalam-kota-dekat-supermarket-sekolah-hos40384773/,"Dijual Rumah Baru 2 Lantai Siap Huni Taman Malaka, Duren Sawit Dekat Tol & KRL",2900000000.0,"Rp 2,9 Miliar",IDR,Rumah,Jakarta Timur,"Duren Sawit, Jakarta Timur","Blok E3, Jl. Taman Malaka Barat 3c Block E3 No. 10, Malaka Sari, Duren Sawit, Kota Jakarta Timur, DKI Jakarta, Indonesia, 13460",-6.23001,106.92741,149.0,170.0,3.0,3.0,1.0,1.0,2.0,2.0,,Bagus,HGB,Unfurnished,22000.0,Barat,"Beton, Bata Merah",Keramik,Sumur Bor,"Keamanan 24 Jam, Masjid, Taman, One Gate System, Laundry, Jogging Track, Taman Bermain, Wastafel, Tempat Jemuran, Taman, Teras, Backyard, Tempat Cuci",BUDI NOPIANTO,Ray White Tebet,2026-02-20T18:52:07.628322+00:00,5,7,3,7,2,3,6,4
hos41111892,https://www.rumah123.com/properti/jakarta-timur-kayu-putih/dijual-rumah-kayu-putih-jakarta-timur-lt-216-m-harga-turun-42-m-nego-hos41111892/,"Dijual Rumah Kayu Putih Jakarta Timur LT 216 M² - Harga Turun 4,2 M Nego",4200000000.0,"Rp 4,2 Miliar",IDR,Rumah,Jakarta Timur,"Kayu Putih, Jakarta Timur",Fasilitas Perumahan,-6.17809,106.89315,216.0,150.0,3.0,3.0,1.0,1.0,2.0,2.0,,Renovasi Total,Lainnya,Unfurnished,5500.0,Selatan,Beton,Marmer,PAM atau PDAM,"Keamanan 24 Jam, Akses Parkir, Wastafel, Tempat Jemuran, Teras",Juliana,ERA GADING,2026-02-20T18:52:08.150026+00:00,6,10,5,6,3,2,7,4
hos40848132,https://www.rumah123.com/properti/jakarta-timur-cakung/rumah-secondary-siap-huni-di-perum-jgc-asya-cakung-jakarta-timur-hos40848132/,Rumah Secondary Siap Huni di Perum Jgc Asya Cakung Jakarta Timur,5500000000.0,"Rp 5,5 Miliar",IDR,Rumah,Jakarta Timur,"Cakung, Jakarta Timur",Rekomendasi Komplek Properti,-6.18489,106.944931,168.0,256.0,4.0,4.0,1.0,1.0,2.0,2.0,,Bagus,SHM,Furnished,5500.0,Utara,,,Sumur Bor,"Masjid, Akses Parkir, CCTV, Jogging Track, Telepon",Andi setiadi,$undefined,2026-02-20T18:52:13.414092+00:00,6,11,3,7,2,1,6,4
hos40117147,https://www.rumah123.com/properti/jakarta-timur-cibubur/rumah-bagus-dengan-paviliun-mewah-di-cibubur-hos40117147/,Rumah Bagus dengan Paviliun Mewah di Cibubur,6800000000.0,"Rp 6,8 Miliar",IDR,Rumah,Jakarta Timur,"Cibubur, Jakarta Timur","Jl. Blk Duku No.37A, Cibubur, Ciracas, Kota Jakarta Timur, DKI Jakarta, Indonesia, 13720",-6.357528,106.877138,891.0,450.0,6.0,4.0,1.0,1.0,2.0,10.0,,Bagus,SHM,Unfurnished,5500.0,Selatan,Bata Merah,,Sumur Bor,"CCTV, Tempat Jemuran, Telepon, Teras, CCTV, Tempat Cuci",Arif Firmansyah,Rumamu,2026-02-20T18:52:27.945056+00:00,6,8,3,5,3,2,9,2
hos17490317,https://www.rumah123.com/properti/jakarta-timur-kayu-putih/rumah-2-lantai-bagus-shm-di-kayu-putih-jakarta-timur-hos17490317/,"Rumah 2 Lantai Bagus SHM di Kayu Putih , Jakarta Timur",4500000000.0,"Rp 4,5 Miliar",IDR,Rumah,Jakarta Timur,"Kayu Putih, Jakarta Timur",Kayu Putih ,-6.17809,106.89315,200.0,350.0,6.0,6.0,1.0,1.0,2.0,1.0,,Bagus,SHM,Semi Furnished,4400.0,Utara,Bata Merah,Keramik,Sumur Bor,"Keamanan 24 Jam, Masjid, Akses Parkir, Taman, CCTV, Laundry, Wastafel, Kulkas, Kitchen Set, Water Heater, AC, Tempat Jemuran, Telepon, Taman",Sujono,Fasa Property,2026-02-20T18:52:35.060003+00:00,3,10,3,4,2,2,8,5
hos39225058,https://www.rumah123.com/properti/jakarta-timur-makasar/rumah-2-lantai-dengan-luas-142m2-di-makasar-jaktim-hos39225058/,"Rumah 2 Lantai dengan luas 142m2 di Makasar, Jaktim",2290000000.0,"Rp 2,29 Miliar",IDR,Rumah,Jakarta Timur,"Makasar, Jakarta Timur","Alfamart Jengki Cipinang Asem, Jl. Jengki, Kebon Pala, Makasar, Kota Jakarta Timur, DKI Jakarta, Indonesia, 13650",-6.2588570002,106.87866,114.0,142.0,3.0,3.0,,,2.0,1.0,,Bagus,SHM,Unfurnished,3500.0,Timur,,,Sumur Bor,"Keamanan 24 Jam, Masjid, Akses Parkir, CCTV, Tempat Jemuran, Telepon, Teras, Tempat Cuci",Mahendra,Central Estate,2026-02-20T18:52:46.250141+00:00,4,12,2,4,2,3,9,4
hos38942618,https://www.rumah123.com/properti/jakarta-timur-cipayung/rumah-mewah-semi-furnished-dengan-kolam-renang-di-dalam-di-area-cipayung-jakarta-timur-rr055-hos38942618/,"Rumah Mewah Semi Furnished dengan kolam renang di dalam di Area Cipayung, Jakarta Timur RR055",9490000000.0,"Rp 9,49 Miliar",IDR,Rumah,Jakarta Timur,"Cipayung, Jakarta Timur",Rekomendasi Komplek Properti,-6.33049,106.911118,278.0,453.0,4.0,5.0,1.0,1.0,2.0,2.0,,Bagus,SHM,Semi Furnished,5500.0,,,,Sumur Pompa,"Keamanan 24 Jam, Kolam Renang, One Gate System, Laundry, Wastafel, Kitchen Set, Water Heater, Tempat Jemuran, Taman, Teras, Backyard",Mahendra,Central Estate,2026-02-20T18:52:52.723261+00:00,3,7,3,6,1,2,8,3
hos39186399,https://www.rumah123.com/properti/jakarta-timur-condet/turun-harga-townhouse-25-lantai-terawat-posisi-hoek-nempel-tb-simatupang-hos39186399/,"Jarang Ada! Townhouse 2,5 Lantai Terawat Posisi Hoek Nempel Tb. Simatupang",2390000000.0,"Rp 2,39 Miliar",IDR,Rumah,Jakarta Timur,"Condet, Jakarta Timur","Jl. Damai No.58, Batu Ampar, Kramatjati, Kota Jakarta Timur, DKI Jakarta, Indonesia, 13520",-6.290663529095141,106.85952183883774,155.0,210.0,3.0,2.0,1.0,1.0,2.0,2.0,,Bagus,SHM,Semi Furnished,5500.0,Selatan,,,PAM atau PDAM,"Keamanan 24 Jam, Akses Parkir, CCTV, One Gate System, Wastafel, Kitchen Set, Water Heater, Tempat Jemuran, Telepon, Teras, CCTV, AC, Tempat Cuci",Mahendra,Central Estate,2026-02-20T18:52:56.830058+00:00,5,12,3,7,2,2,11,5
hos16444090,https://www.rumah123.com/properti/jakarta-timur-pondok-kelapa/rumah-lebar-7-lokasi-strategis-di-pondok-kelapa-jakarta-timur-hos16444090/,Rumah Lebar 7 Lokasi Strategis Di Pondok Kelapa Jakarta Timur,2900000000.0,"Rp 2,9 Miliar",IDR,Rumah,Jakarta Timur,"Pondok Kelapa, Jakarta Timur",Jl Manggar Pondok Kelapa Jakarta Timur,-6.24576,106.94056,140.0,170.0,4.0,3.0,,,2.0,,,Bagus,SHM,Semi Furnished,3300.0,,Bata Merah,Keramik,PAM atau PDAM,"Keamanan 24 Jam, Masjid, Akses Parkir, Taman, Laundry, Wastafel, Kitchen Set, AC, Tempat Jemuran, Telepon, Taman",Ester,ERA Matrix,2026-02-20T18:54:38.010630+00:00,4,10,3,4,1,2,10,6
hos14930375,https://www.rumah123.com/properti/jakarta-timur-pondok-kelapa/dijual-cepat-rumah-semi-furnish-butuh-renov-shm-di-billy-moon-pondok-kelapa-jakarta-timur-hos14930375/,Dijual Cepat Rumah Semi Furnish Butuh Renov Shm Di Billy Moon Pondok Kelapa Jakarta Timur,7200000000.0,"Rp 7,2 Miliar",IDR,Rumah,Jakarta Timur,"Pondok Kelapa, Jakarta Timur","Kelapa Sawit I Billy Moon, Pondok Kelapa, Jakarta Timur, DKI Jakarta ",-6.24576,106.94056,590.0,620.0,9.0,6.0,1.0,1.0,2.0,7.0,,Renovasi Minimum,SHM,Semi Furnished,5500.0,Selatan,Bata Merah,Keramik,PAM atau PDAM,"Keamanan 24 Jam, Masjid, Taman, Kolam Renang, Laundry, Taman Bermain, Wastafel, Kitchen Set, Kompor, AC, Tempat Jemuran, Telepon, Kolam Renang, Taman, Kolam Ikan, Teras, AC, Backyard, Tempat Cuci",Ester,ERA Matrix,2026-02-20T18:54:41.437732+00:00,6,11,3,6,2,1,8,4
hos15577480,https://www.rumah123.com/properti/jakarta-timur-pondok-kelapa/rumah-lokasi-strategis-di-palem-indah-pondok-kelapa-jakarta-timur-hos15577480/,Rumah lokasi strategis di Palem Indah Pondok Kelapa Jakarta Timur,2675000000.0,"Rp 2,67 Miliar",IDR,Rumah,Jakarta Timur,"Pondok Kelapa, Jakarta Timur",Jl Palem Indah,-6.24576,106.94056,91.0,200.0,3.0,2.0,1.0,1.0,2.0,1.0,,Bagus,SHM,Semi Furnished,,Utara,Bata Merah,Keramik,PAM atau PDAM,"Keamanan 24 Jam, Masjid, Akses Parkir, Taman, Kolam Renang, Laundry, Taman Bermain, Wastafel, Kitchen Set, AC, Tempat Jemuran, Telepon, Taman, Teras, AC, Backyard, Tempat Cuci",Ester,ERA Matrix,2026-02-20T18:54:46.308821+00:00,6,8,5,7,1,3,9,4
hos15190824,https://www.rumah123.com/properti/jakarta-timur-pondok-kelapa/rumah-hook-dijual-cepat-lokasi-bagus-di-jalan-raya-pondok-kelapa-jakarta-timur-hos15190824/,Rumah Hook Dijual Cepat Lokasi Bagus Di Jalan Raya Pondok Kelapa Jakarta Timur,2800000000.0,"Rp 2,8 Miliar",IDR,Rumah,Jakarta Timur,"Pondok Kelapa, Jakarta Timur",Jl pondok kelapa raya,-6.24576,106.94056,207.0,200.0,5.0,2.0,2.0,,2.0,2.0,,Butuh Renovasi,SHM,Unfurnished,2200.0,Selatan,Bata Merah,Keramik,PAM atau PDAM,"Keamanan 24 Jam, Masjid, Taman, Kolam Renang, Laundry, Wastafel, Kitchen Set, Water Heater, Tempat Jemuran, Telepon, Taman",Ester,ERA Matrix,2026-02-20T18:54:49.015220+00:00,3,13,5,6,1,3,9,2
hos16149580,https://www.rumah123.com/properti/jakarta-pusat-cempaka-putih/rumah-2-lantai-dekat-kfc-cempaka-putih-jakarta-pusat-hos16149580/,"Rumah 2 Lantai Dekat Kfc Cempaka Putih, Jakarta Pusat",1400000000.0,"Rp 1,4 Miliar",IDR,Rumah,Jakarta Pusat,"Cempaka Putih, Jakarta Pusat","KFC - Cempaka Putih Jakarta, Jl. Cempaka Putih Ry No. 106, Cempaka Putih Timur, Cempaka Putih, Kota Jakarta Pusat, DKI Jakarta, Indonesia, 10510",-6.18128,106.87535,55.0,72.0,3.0,3.0,1.0,1.0,2.0,1.0,,Bagus,SHM,Unfurnished,2200.0,Barat,Bata Hebel,Granit,PAM atau PDAM,"Keamanan 24 Jam, Masjid, Wastafel, Water Heater, AC",Irwan,$undefined,2026-02-20T18:54:49.338392+00:00,7,11,8,14,3,3,10,7
hos17625749,https://www.rumah123.com/properti/jakarta-pusat-salemba/di-cepat-rumah-dekat-radjak-hospital-salemba-jakarta-pusat-hos17625749/,Sale! Rumah Scandinivian Dekat Radjak Hospital Salemba Jakarta Pusat,1070370000.0,"Rp 1,07 Miliar",IDR,Rumah,Jakarta Pusat,"Salemba, Jakarta Pusat",Jalan Percetakan Negara,-6.19508,106.85058,25.0,73.0,3.0,2.0,,,3.0,1.0,,Baru,SHM,Unfurnished,,Timur,"Beton, Bata Merah, Bata Hebel","Granit, Keramik",PAM atau PDAM,"Keamanan 24 Jam, Taman, CCTV, One Gate System, Wastafel, Water Heater, AC, CCTV, Tempat Jemuran, Telepon",Nana Elviana,$undefined,2026-02-20T18:54:53.205976+00:00,5,15,7,12,3,3,19,5
hos18074948,https://www.rumah123.com/properti/jakarta-pusat-cempaka-putih/kpr-rumah-3lantai-lokasi-cempaka-putih-dalam-kompleks-hos18074948/,(Kpr) Rumah 3Lantai Lokasi Cempaka Putih Dalam Kompleks,995000000.0,Rp 995 Juta,IDR,Rumah,Jakarta Pusat,"Cempaka Putih, Jakarta Pusat",Cempaka putih,-6.18128,106.87535,27.0,75.0,3.0,3.0,,,3.0,1.0,,Baru,SHM,Unfurnished,3300.0,Timur,Bata Merah,Granit,Sumur Pompa,"Keamanan 24 Jam, Masjid, Akses Parkir, One Gate System, Wastafel, AC, Tempat Jemuran",Syahrul,$undefined,2026-02-20T18:54:56.070046+00:00,4,19,7,7,3,5,11,8
hos41000235,https://www.rumah123.com/properti/jakarta-pusat-cempaka-putih/rumah-minimalis-modern-2-lt-di-lagura-indah-cempaka-putih-timur-jakarta-pusat-hos41000235/,Rumah Minimalis Modern 2 Lt di Lagura Indah Cempaka Putih Timur Jakarta Pusat,1400000000.0,"Rp 1,4 Miliar",IDR,Rumah,Jakarta Pusat,"Cempaka Putih, Jakarta Pusat","Jl. Lagura Indah no 12, Cempaka Putih Timur, Cempaka Putih, Kota Jakarta Pusat, DKI Jakarta, Indonesia, 10510",-6.18128,106.875351,42.0,72.0,3.0,3.0,1.0,1.0,2.0,1.0,,Bagus,SHM,Unfurnished,2200.0,Utara,"Beton, Bata Merah, Bata Hebel","Granit, Keramik, Marmer, Vinyl",PAM atau PDAM,"Keamanan 24 Jam, One Gate System, Laundry, Wastafel, Tempat Jemuran, Tempat Cuci",Ullin Achmad,$undefined,2026-02-20T18:55:24.434776+00:00,8,13,3,13,2,4,9,7
hos39228862,https://www.rumah123.com/properti/jakarta-pusat-menteng/rumah-siap-huni-di-menteng-jakpus-hos39228862/,Termurah Dikelasnya!! Rumah di Menteng Jakpus,4500000000.0,"Rp 4,5 Miliar",IDR,Rumah,Jakarta Pusat,"Menteng, Jakarta Pusat","RS Khusus THT-Bedah KL Proklamasi, Jl. Proklamasi No.43, Pegangsaan, Menteng, Kota Jakarta Pusat, DKI Jakarta, Indonesia, 10320",-6.19638,106.83789,189.0,245.0,,5.0,,,3.0,1.0,,Bagus,SHM,Unfurnished,3300.0,Barat Daya,Beton,Keramik,PAM atau PDAM,"Keamanan 24 Jam, Masjid, Akses Parkir, Wastafel, Taman, Teras, Tempat Cuci",Jeck Solution,Property Solution,2026-02-20T18:57:03.192357+00:00,9,16,4,9,3,5,13,9
hos40922108,https://www.rumah123.com/properti/jakarta-pusat-petojo/rumah-kost-sultan-petojo-45-lantai-561kt-full-furnish-lokasi-strategis-hos40922108/,Rumah Kost Sultan Petojo 4.5 Lantai 56+1Kt Full Furnish Lokasi Strategis,45000000000.0,Rp 45 Miliar,IDR,Rumah,Jakarta Pusat,"Petojo, Jakarta Pusat","Pintu Arah Harmoni Halte Busway Petojo, Jl. Suryopranoto, Petojo Utara, Gambir, Kota Jakarta Pusat, DKI Jakarta, Indonesia, 10130",-6.163971,106.814888,507.0,760.0,56.0,56.0,1.0,1.0,4.0,5.0,,Bagus,SHM,Furnished,5500.0,,"Batako, Beton, Bata Merah",Granit,PAM atau PDAM,"Keamanan 24 Jam, Akses Parkir, CCTV, Laundry, Jogging Track, Wastafel, Kulkas, Kitchen Set, Kompor, Water Heater, Tempat Jemuran, Telepon, Taman, Teras, CCTV, AC, Backyard, Tempat Cuci",Ignatius Irwan Hidayat,GadingPro PIK,2026-02-20T18:57:12.799080+00:00,7,23,8,11,4,5,9,7
hos40401491,https://www.rumah123.com/properti/jakarta-pusat-percetakan-negara/rumah-indent-23-lt-dekat-salemba-di-percetakan-negara-hos40401491/,Hunian Nyaman & Strategis 2-3 Lt Dekat Salemba; Percetakan Negara,1000000000.0,Rp 1 Miliar,IDR,Rumah,Jakarta Pusat,"Percetakan Negara, Jakarta Pusat","Jl. Percetakan Negara XI No.128, Rawasari, Cempaka Putih, Kota Jakarta Pusat, DKI Jakarta, Indonesia, 10570",-6.1857,106.853,30.0,58.0,2.0,2.0,1.0,1.0,2.0,1.0,,Bagus,SHM,Unfurnished,2200.0,Tenggara,Bata Hebel,Granit,PAM atau PDAM,"Keamanan 24 Jam, Akses Parkir, Taman, One Gate System, Laundry, Taman Bermain, Wastafel, Tempat Jemuran, Taman, Teras, Tempat Cuci",Monica Geller,$undefined,2026-02-20T18:57:33.954155+00:00,6,25,7,9,1,6,10,8
hos39782746,https://www.rumah123.com/properti/jakarta-pusat-menteng/rumah-menteng-cocok-untuk-dibeli-hos39782746/,Rumah Menteng Cocok untuk Dibeli,39000000000.0,Rp 39 Miliar,IDR,Rumah,Jakarta Pusat,"Menteng, Jakarta Pusat","Jl. Jambu No. 28, Gondangdia, Menteng, Kota Jakarta Pusat, DKI Jakarta, Indonesia, 10350",-6.19638,106.837891,586.0,900.0,4.0,4.0,1.0,1.0,2.0,1.0,,Renovasi Minimum,SHM,Unfurnished,2200.0,Barat,,,,,Meryana Michelle,Xavier Marks Kay Green lake City,2026-02-20T18:57:43.764755+00:00,9,15,7,11,3,4,14,5
hos40905249,https://www.rumah123.com/properti/jakarta-pusat-menteng/rumah-rapi-area-tenang-dekat-teuku-umar-hos40905249/,Rumah Rapi Area Tenang Dekat Teuku Umar,39000000000.0,Rp 39 Miliar,IDR,Rumah,Jakarta Pusat,"Menteng, Jakarta Pusat",Perumahan/Komplek,-6.19638,106.837891,586.0,700.0,4.0,4.0,1.0,2.0,2.0,2.0,,Renovasi Minimum,SHM,Unfurnished,13300.0,Barat,"Batako, Beton, Bata Merah, Bata Hebel","Granit, Keramik, Ubin",Sumur Pompa,"Keamanan 24 Jam, Akses Parkir, Taman, One Gate System, Laundry, Jogging Track, Taman Bermain, Wastafel, Kitchen Set, Kompor, Tempat Jemuran, Telepon, Taman, Teras, Backyard, Tempat Cuci",Grace,Xavier Marks Menteng,2026-02-20T18:59:21.264288+00:00,7,15,8,12,4,5,11,5
hos9287836,https://www.rumah123.com/properti/jakarta-pusat-percetakan-negara/rumah-baru-minimalis-modern-3-lt-di-rawasari-jakarta-pusat-hos9287836/,Rumah Baru Minimalis Modern 3 Lt Di Rawasari Jakarta Pusat,1290000000.0,"Rp 1,29 Miliar",IDR,Rumah,Jakarta Pusat,"Percetakan Negara, Jakarta Pusat",Jalan Percetakan Negara 11a Rawasari Cempaka Putih Jakarta Pusat ,-6.18935,106.85756,31.0,90.0,2.0,2.0,,,3.0,1.0,,Baru,SHM,Unfurnished,2200.0,Timur,"Beton, Bata Merah, Bata Hebel","Granit, Keramik, Marmer, Vinyl",PAM atau PDAM,"Keamanan 24 Jam, Masjid, Kolam Renang, One Gate System, Laundry, Wastafel, CCTV, Tempat Jemuran",Ullin Achmad,$undefined,2026-02-20T18:59:31.098298+00:00,7,24,7,13,4,5,16,8
hos40717798,https://www.rumah123.com/properti/jakarta-pusat-cempaka-putih/rumah-mewah-brand-new-cantik-cempaka-putih-dalam-komplek-bagus-hos40717798/,Rumah Mewah Brand New Cantik Cempaka Putih Dalam Komplek Bagus,8500000000.0,"Rp 8,5 Miliar",IDR,Rumah,Jakarta Pusat,"Cempaka Putih, Jakarta Pusat",Rumah Mewah Brand New Cantik Cempaka Putih Dalam Komplek Bagus | Rumah123,-6.18128,106.875351,183.0,427.0,4.0,4.0,1.0,1.0,3.0,1.0,,Bagus,SHM,Unfurnished,,Selatan,,,PAM atau PDAM,"Keamanan 24 Jam, Akses Parkir, One Gate System",Vivi Yulianti S,ERA GADING,2026-02-20T18:59:33.073692+00:00,9,18,6,11,3,3,11,6
hos40981539,https://www.rumah123.com/properti/jakarta-pusat-menteng/rumah-secondary-dengan-tanah-luas-dan-bangunan-besar-hos40981539/,Rumah di Menteng Tanah Luas dan Bangunan Besar,90000000000.0,Rp 90 Miliar,IDR,Rumah,Jakarta Pusat,"Menteng, Jakarta Pusat",Fasilitas Perumahan,-6.19638,106.837891,1008.0,1500.0,6.0,4.0,1.0,1.0,2.0,2.0,,Bagus,SHM,Unfurnished,,Selatan,,,,"Keamanan 24 Jam, Taman, Teras",Erina Evita Astrid,Erina Property,2026-02-20T18:59:43.396987+00:00,8,23,9,8,4,2,9,8
hos40876225,https://www.rumah123.com/properti/jakarta-pusat-menteng/turun-harga-murah-rumah-menteng-jakpus-strategis-jalan-raya-hos40876225/,Turun Harga Murah Rumah Menteng Jakpus Strategis Jalan Raya,43000000000.0,Rp 43 Miliar,IDR,Rumah,Jakarta Pusat,"Menteng, Jakarta Pusat",Jl. Latuharhary No.4,-6.2045293,106.8343239,840.0,800.0,5.0,3.0,1.0,1.0,2.0,5.0,,Butuh Renovasi,SHM,Unfurnished,3500.0,Selatan,,,,,Ir. Jopie Hori,Century21 Gading Boulevard,2026-02-20T19:00:01.139740+00:00,8,13,5,13,1,4,14,6
hos40411672,https://www.rumah123.com/properti/jakarta-pusat-kemayoran/rumah-mewah-4-lantai-springhill-kemayoran-dekat-golf-prj-toll-hos40411672/,Rumah 4 Lantai di Springhill Golf Residence Kemayoran Dekat Toll,4700000000.0,"Rp 4,7 Miliar",IDR,Rumah,Jakarta Pusat,"Kemayoran, Jakarta Pusat",Rekomendasi Komplek Properti,-6.16165,106.855011,153.0,363.0,5.0,5.0,1.0,1.0,4.0,1.0,,Bagus,SHM,Semi Furnished,,,,,PAM atau PDAM,"Keamanan 24 Jam, Akses Parkir, Taman, CCTV, One Gate System, Laundry, Jogging Track, Taman Bermain, Wastafel, Kitchen Set, Kompor, Tempat Jemuran, Taman, Teras, CCTV, AC, Tempat Cuci",Alfin Property,$undefined,2026-02-20T19:02:22.666264+00:00,5,15,3,12,2,5,8,8
hos41112088,https://www.rumah123.com/properti/jakarta-pusat-menteng/dijual-rumah-mewah-menteng-shm-kolam-renang-30m-hos41112088/,Dijual Rumah Mewah Menteng SHM Kolam Renang 30M,30000000000.0,Rp 30 Miliar,IDR,Rumah,Jakarta Pusat,"Menteng, Jakarta Pusat",Rekomendasi Komplek Properti,-6.1957828,106.8351718,285.0,500.0,4.0,4.0,1.0,1.0,2.0,2.0,,Bagus,SHM,Unfurnished,,Selatan,,,,"Akses Parkir, Taman, Kolam Renang, Taman, Teras",ririn azmavida,GadingPro Kemang,2026-02-20T19:02:33.264145+00:00,6,18,7,6,4,3,17,6
hos40693931,https://www.rumah123.com/properti/jakarta-pusat-senen/dijual-murah-rumah-tua-di-jln-kali-baru-timurjakpus-hos40693931/,"Dijual Murah Rumah Tua di Jln Kali Baru Timur,Jakpus",3900000000.0,"Rp 3,9 Miliar",IDR,Rumah,Jakarta Pusat,"Senen, Jakarta Pusat",Rekomendasi Komplek Properti,-6.17322,106.850693,225.0,200.0,5.0,2.0,1.0,,1.0,1.0,,Renovasi Total,SHM,Unfurnished,2200.0,Selatan,"Beton, Bata Merah",Keramik,PAM atau PDAM,"Tempat Jemuran, Teras, Tempat Cuci",Meida,GadingPro Kelapa Gading,2026-02-20T19:02:38.284401+00:00,8,14,5,8,2,4,12,6
hos40510351,https://www.rumah123.com/properti/jakarta-pusat-sumur-batu/rumah-di-jakarta-pusat-bergaya-klasik-modern-terawat-stratgis-jalan-lebar-tenang-aman-bebas-banjir-hos40510351/,"Rumah Di Jakarta Pusat, Bergaya Klasik Modern, Terawat, Stratgis, Jalan Lebar, Tenang, Aman, Bebas Banjir",7500000000.0,"Rp 7,5 Miliar",IDR,Rumah,Jakarta Pusat,"Sumur Batu, Jakarta Pusat","Rumah Di Jakarta Pusat, Bergaya Klasik Modern, Terawat, Stratgis, Jalan Lebar, Tenang, Aman, Bebas Banjir | Rumah123",-6.1857,106.853,276.0,360.0,9.0,7.0,2.0,1.0,3.0,2.0,,Bagus,SHM,Unfurnished,5500.0,Timur,Bata Merah,Granit,PAM atau PDAM,"Keamanan 24 Jam, Masjid, Akses Parkir, Taman, One Gate System, Laundry, Wastafel, Kitchen Set, Water Heater, Tempat Jemuran, Telepon, Taman, Kolam Ikan, Teras, CCTV, Tempat Cuci",Anggriyani Febrietta Dairi,Century21 Prioritas,2026-02-20T19:02:50.916665+00:00,4,17,5,6,1,4,17,9
hos41095557,https://www.rumah123.com/properti/jakarta-pusat-cempaka-putih/dijual-rumah-cempaka-putih-barat-jakarta-pusat-hos41095557/,Dijual Rumah Cempaka Putih Barat Jakarta Pusat,3900000000.0,"Rp 3,9 Miliar",IDR,Rumah,Jakarta Pusat,"Cempaka Putih, Jakarta Pusat",Rekomendasi Komplek Properti,-6.18128,106.87535,145.0,260.0,3.0,3.0,1.0,1.0,3.0,1.0,,Bagus,SHM,Unfurnished,3500.0,Timur,,,PAM atau PDAM,"Keamanan 24 Jam, Tempat Jemuran, Teras",Susi,GadingPro Harapan Indah,2026-02-20T19:02:57.529996+00:00,4,16,7,13,1,5,12,5
hos40299428,https://www.rumah123.com/properti/jakarta-pusat-menteng/rumah-hook-hitung-tanah-lokasi-strategis-di-menteng-jakarta-pusat-hos40299428/,Rumah Hook Hitung Tanah Lokasi Strategis Di Menteng Jakarta Pusat,75000000000.0,Rp 75 Miliar,IDR,Rumah,Jakarta Pusat,"Menteng, Jakarta Pusat",Rekomendasi Komplek Properti,-6.19638,106.837891,870.0,600.0,4.0,2.0,,,1.0,3.0,,Renovasi Total,SHM,Unfurnished,6600.0,Selatan,,,PAM atau PDAM,"Masjid, Taman, Taman, Teras",Sisca Yulita,Eagle Tree Fortune 8 ,2026-02-20T19:03:07.149517+00:00,9,21,7,10,4,4,9,7
hos40788954,https://www.rumah123.com/properti/jakarta-pusat-petojo/kost-eksklusif-42-kamar-omset-144-mtahunln-2-mobil-selangkah-ke-jln-raya-besar-hos40788954/,"Kost Eksklusif 42 Kamar Omset 1,44 M/Tahunln 2 Mobil, Selangkah ke Jln Raya Besar",18000000000.0,Rp 18 Miliar,IDR,Rumah,Jakarta Pusat,"Petojo, Jakarta Pusat",Rekomendasi Komplek Properti,-6.163971,106.814888,255.0,1100.0,42.0,42.0,1.0,1.0,5.0,15.0,,Bagus,SHM,Furnished,1300.0,,"Beton, Bata Merah",Keramik,Sumur Pompa,"Keamanan 24 Jam, Masjid, Akses Parkir, Taman, CCTV, Laundry, Wastafel, Kulkas, Kompor, Water Heater, Tempat Jemuran, Telepon, Teras, CCTV, AC",Maria Oktaviani,$undefined,2026-02-20T19:04:19.342862+00:00,9,23,5,13,1,5,14,6
hos40790111,https://www.rumah123.com/properti/jakarta-pusat-petojo/roi-10-kost-eksklusif-37-kamar-di-petojo-omset-924-jttahun-jln-lebar-2-mobil-hanya-120m-ke-jln-raya-besar-lokasi-super-hos40790111/,"Roi 10% Kost Eksklusif 37 Kamar di Petojo Omset 924 Jt/Tahun Jln Lebar 2 Mobil, Hanya 120M ke Jln Raya Besar Lokasi Super Strategis Pusat Bisnis di Jakarta Pusat",9000000000.0,Rp 9 Miliar,IDR,Rumah,Jakarta Pusat,"Petojo, Jakarta Pusat",Rekomendasi Komplek Properti,-6.163971,106.814888,252.0,700.0,37.0,37.0,1.0,1.0,3.0,10.0,,Bagus,HGB,Furnished,1300.0,,"Beton, Bata Merah",Keramik,Sumur Pompa,"Keamanan 24 Jam, Akses Parkir, Taman, CCTV, Laundry, Wastafel, Kulkas, Mesin Cuci, Kompor, Tempat Jemuran, Telepon, Teras, CCTV, AC, Tempat Cuci",Maria Oktaviani,$undefined,2026-02-20T19:04:25.262709+00:00,6,19,3,6,3,3,18,7
hos39805049,https://www.rumah123.com/properti/jakarta-pusat-menteng/rumah-dijual-menteng-dekat-mesjid-sunda-kelapa-hos39805049/,Rumah Dijual Menteng Dekat Mesjid Sunda Kelapa,55000000000.0,Rp 55 Miliar,IDR,Rumah,Jakarta Pusat,"Menteng, Jakarta Pusat",Rekomendasi Komplek Properti,-6.19638,106.837891,717.0,1200.0,7.0,3.0,1.0,1.0,2.0,4.0,,Bagus,SHM,Semi Furnished,41500.0,,Beton,Marmer,Sumur Pompa,"Wastafel, Kulkas, Mesin Cuci, Kitchen Set, Kompor, Water Heater, Telepon, Kolam Renang, Taman, Teras, CCTV, Backyard",Ratna,$undefined,2026-02-20T19:05:03.744172+00:00,5,16,7,7,4,3,10,6
hos40574609,https://www.rumah123.com/properti/jakarta-pusat-kartini/investasi-rumah-kos-kos-an-roi-6-di-kartini-jkt-pusat-25kt-hos40574609/,Investasi Rumah Kos Kos An Roi 6% Di Kartini Jkt Pusat 25kt,12000000000.0,Rp 12 Miliar,IDR,Rumah,Jakarta Pusat,"Kartini, Jakarta Pusat",Rekomendasi Komplek Properti,-6.15158,106.842911,245.0,800.0,25.0,25.0,1.0,1.0,4.0,3.0,,Bagus,SHM,Furnished,,Timur,Bata Merah,Keramik,PAM atau PDAM,"Keamanan 24 Jam, Taman, Wastafel, Kulkas, Mesin Cuci, Kompor, Tempat Jemuran, Teras, CCTV, AC, Tempat Cuci",Emilia Era Gading,ERA GADING,2026-02-20T19:05:31.167196+00:00,7,15,3,8,2,3,16,8
hos40592549,https://www.rumah123.com/properti/jakarta-pusat-cempaka-putih/cempaka-putih-timur-luas-415-dgn-halaman-sangat-luas-hos40592549/,Cempaka Putih Timur Luas 415 Dgn Halaman Sangat Luas,9000000000.0,Rp 9 Miliar,IDR,Rumah,Jakarta Pusat,"Cempaka Putih, Jakarta Pusat",Rekomendasi Komplek Properti,-6.18128,106.875351,415.0,500.0,3.0,5.0,1.0,1.0,1.0,5.0,,Renovasi Minimum,SHM,Unfurnished,4400.0,Utara,Bata Merah,Keramik,PAM atau PDAM,"Akses Parkir, Taman, Wastafel, Tempat Jemuran, Taman, Teras",Emilia Era Gading,ERA GADING,2026-02-20T19:05:36.841547+00:00,5,24,5,14,1,3,18,6
hos39342879,https://www.rumah123.com/properti/jakarta-pusat-cempaka-putih/rumah-layak-huni-303m2-di-cempaka-putih-barat-53m-saja-hos39342879/,Rumah Layak Huni 303m2 Di Cempaka Putih Barat 5.3m Saja !!,5000000000.0,Rp 5 Miliar,IDR,Rumah,Jakarta Pusat,"Cempaka Putih, Jakarta Pusat",Rekomendasi Komplek Properti,-6.18128,106.875351,303.0,210.0,3.0,3.0,1.0,1.0,1.0,1.0,,Renovasi Minimum,SHM,Semi Furnished,4400.0,Barat Daya,Bata Merah,Keramik,Sumur Pompa,"Keamanan 24 Jam, Taman, One Gate System, Wastafel, Kulkas, Kitchen Set, Kompor, Water Heater, Tempat Jemuran, Taman, Teras, AC, Backyard, Tempat Cuci",Emilia Era Gading,ERA GADING,2026-02-20T19:06:45.743904+00:00,8,12,4,11,2,3,12,4
hos40731038,https://www.rumah123.com/properti/jakarta-pusat-cempaka-putih/brand-new-shm-di-cempaka-putih-akses-3-mbl-hos40731038/,Brand New SHM di Cempaka Putih Akses 3 Mbl,4700000000.0,"Rp 4,7 Miliar",IDR,Rumah,Jakarta Pusat,"Cempaka Putih, Jakarta Pusat",Rekomendasi Komplek Properti,-6.18128,106.875351,120.0,200.0,4.0,3.0,1.0,1.0,2.0,2.0,,Bagus,SHM,Unfurnished,4400.0,Timur,Bata Merah,"Granit, Keramik",PAM atau PDAM,"Keamanan 24 Jam, Taman, Wastafel, Kitchen Set, Tempat Jemuran, Taman, Teras",Emilia Era Gading,ERA GADING,2026-02-20T19:06:51.159880+00:00,6,11,7,11,3,6,11,7
hos40717774,https://www.rumah123.com/properti/jakarta-pusat-cempaka-putih/dijual-2-rumah-indent-one-gate-system-cempaka-putih-tengah-hos40717774/,Dijual 2 Rumah Indent One Gate System Cempaka Putih Tengah,8500000000.0,"Rp 8,5 Miliar",IDR,Rumah,Jakarta Pusat,"Cempaka Putih, Jakarta Pusat",Komplek Perumahan,-6.18128,106.875351,183.0,427.0,4.0,4.0,1.0,1.0,3.0,1.0,,Bagus,SHM,Unfurnished,4400.0,Selatan,Bata Merah,Granit,PAM atau PDAM,"Keamanan 24 Jam, One Gate System, Wastafel, Tempat Jemuran, Taman, Teras",Emilia Era Gading,ERA GADING,2026-02-20T19:06:56.054054+00:00,7,21,7,11,2,5,8,9
hos16797103,https://www.rumah123.com/properti/jakarta-pusat-petojo/sangat-murah-dibawah-njop-luas-lokasi-tengah-kota-di-petojo-hos16797103/, Sangat Murah Dibawah Njop Luas Lokasi Tengah Kota Di Petojo ,9000000000.0,Rp 9 Miliar,IDR,Rumah,Jakarta Pusat,"Petojo, Jakarta Pusat",Perumahan/Komplek,-6.185699939727783,106.85299682617188,422.0,400.0,10.0,6.0,3.0,,1.0,,,Bagus,SHM,Semi Furnished,,Barat,Beton,Keramik,PAM atau PDAM,"Keamanan 24 Jam, Taman, Wastafel, Kitchen Set, Water Heater, Tempat Jemuran, Telepon, Taman",Emilia Era Gading,ERA GADING,2026-02-20T19:06:56.520937+00:00,6,16,4,11,3,4,8,7
hos19186462,https://www.rumah123.com/properti/jakarta-pusat-pejompongan/super-strategis-rumah-luas-dijual-di-pejompongan-jakarta-pusat-hos19186462/,Super strategis Rumah luas dijual di Pejompongan Jakarta Pusat,19000000000.0,Rp 19 Miliar,IDR,Rumah,Jakarta Pusat,"Pejompongan, Jakarta Pusat","Bundaran HI Jakarta, Jl. M. H. Thamrin, Menteng, Menteng, Kota Jakarta Pusat, DKI Jakarta, Indonesia, 10310",-6.1953911305489555,106.8228687788237,400.0,230.0,4.0,5.0,1.0,3.0,2.0,4.0,,Bagus,SHM,Unfurnished,6600.0,Timur,Bata Merah,"Granit, Keramik",PAM atau PDAM,"Keamanan 24 Jam, Taman, Wastafel, Kitchen Set, Tempat Jemuran, Taman, Teras, AC",Bambang Rochadi,Galaxy Media Property,2026-02-20T19:07:30.391305+00:00,8,16,7,12,3,5,8,9
hos40750533,https://www.rumah123.com/properti/jakarta-pusat-cempaka-putih/di-jual-ruko-2-lantai-rawasari-jakrta-pusat-hos40750533/,Di Jual Ruko 2 Lantai Rawasari Jakrta Pusat,4620000000.0,"Rp 4,62 Miliar",IDR,Rumah,Jakarta Pusat,"Cempaka Putih, Jakarta Pusat","Jl. Rawasari Selatan I No.3, Cempaka Putih Timur, Cempaka Putih, Kota Jakarta Pusat, DKI Jakarta, Indonesia, 10510",-6.18128,106.875351,105.0,135.0,,3.0,,,2.0,2.0,,Bagus,SHM,Unfurnished,,Selatan,"Bata Merah, Bata Hebel",Granit,PAM atau PDAM,"Keamanan 24 Jam, Masjid, Akses Parkir, CCTV, Wastafel, Tempat Jemuran, Telepon, Teras, Tempat Cuci",Yoyo prastya,$undefined,2026-02-20T19:07:39.284039+00:00,5,18,4,10,3,4,15,4
hos39818902,https://www.rumah123.com/properti/jakarta-pusat-gunung-sahari/rumah-dan-kost-strategis-di-gunung-sahari-jakarta-pusat-hos39818902/,"Rumah dan Kost strategis di Gunung Sahari, Jakarta Pusat",23000000000.0,Rp 23 Miliar,IDR,Rumah,Jakarta Pusat,"Gunung Sahari, Jakarta Pusat",Rekomendasi Komplek Properti,-6.1537,106.83606,488.0,752.0,3.0,3.0,2.0,2.0,2.0,2.0,,Bagus,SHM,Unfurnished,24000.0,Utara,Bata Hebel,Keramik,PAM atau PDAM,"Keamanan 24 Jam, CCTV, Laundry, Wastafel, Kitchen Set, Tempat Jemuran, Taman, Teras",Andreas Hartoyo,Ray White Harapan Indah,2026-02-20T19:09:24.397375+00:00,4,14,5,10,1,6,15,8
hos40642151,https://www.rumah123.com/properti/jakarta-pusat-menteng/rumah-menteng-shm-dengan-tanah-luas-lolasi-tenang-dan-aman-hos40642151/,Rumah Menteng Shm Dengan Tanah Luas Lolasi Tenang Dan Aman,46000000000.0,Rp 46 Miliar,IDR,Rumah,Jakarta Pusat,"Menteng, Jakarta Pusat","TK Negeri Tegal , Jl. Tegal, Menteng, Menteng, Kota Jakarta Pusat, DKI Jakarta, Indonesia, 10310",-6.19638,106.837891,611.0,900.0,5.0,5.0,2.0,1.0,2.0,4.0,,Renovasi Minimum,SHM,Semi Furnished,10600.0,Selatan,"Beton, Bata Merah",Marmer,PAM atau PDAM,"Wastafel, Tempat Jemuran, Telepon, Taman, Teras, Tempat Cuci",Herry Sanyoto,GadingPro PIK,2026-02-20T19:10:15.253471+00:00,7,12,7,9,3,4,18,8
hos18907981,https://www.rumah123.com/properti/jakarta-pusat-cempaka-putih/rumah-bagus-siap-huni-kost-pintu-terpisah-cepaka-putih-jakarta-pusat-hos18907981/,Rumah Bagus Siap Huni + Kost Pintu Terpisah Cepaka Putih Jakarta Pusat,8900000000.0,"Rp 8,9 Miliar",IDR,Rumah,Jakarta Pusat,"Cempaka Putih, Jakarta Pusat",pak Irfan.,-6.18128,106.87535,360.0,600.0,7.0,5.0,1.0,1.0,2.0,,,Bagus,SHM,Unfurnished,7600.0,Barat,"Beton, Bata Merah",Keramik,Sumur Bor,"Keamanan 24 Jam, Wastafel, Tempat Jemuran, Telepon, Taman",Herry Sanyoto,GadingPro PIK,2026-02-20T19:10:22.278598+00:00,9,21,6,9,3,2,17,9
hos14165503,https://www.rumah123.com/properti/jakarta-pusat-kartini/rumah-di-kartini-pasar-baru-aman-nyaman-jkarta-pusat-hos14165503/,Rumah Di Kartini Pasar Baru Aman Nyaman Jkarta Pusat,2400000000.0,"Rp 2,4 Miliar",IDR,Rumah,Jakarta Pusat,"Kartini, Jakarta Pusat",Jln kartini jakarta pusat,-6.15158,106.84291,92.0,120.0,4.0,2.0,,,2.0,1.0,,Butuh Renovasi,SHM,Unfurnished,,Selatan,"Beton, Bata Merah",Keramik,PAM atau PDAM,"Keamanan 24 Jam, Laundry, CCTV, Tempat Jemuran, Telepon",Herry Sanyoto,GadingPro PIK,2026-02-20T19:10:26.366652+00:00,7,14,5,11,1,5,17,6
hos39511817,https://www.rumah123.com/properti/jakarta-pusat-cempaka-putih/dijual-rumah-daerah-rawasari-lokasi-strategis-hos39511817/,Dijual Rumah Daerah Rawasari Lokasi Strategis,5500000000.0,"Rp 5,5 Miliar",IDR,Rumah,Jakarta Pusat,"Cempaka Putih, Jakarta Pusat",Rekomendasi Komplek Properti,-6.18128,106.87535,202.0,180.0,5.0,2.0,1.0,,1.0,1.0,,Bagus,SHM,Furnished,,Selatan,"Batako, Beton, Bata Merah, Bata Hebel","Granit, Keramik, Marmer, Ubin",,"Keamanan 24 Jam, Akses Parkir, Taman, CCTV, One Gate System, Laundry, Jogging Track, Taman Bermain, Wastafel, Kulkas, Mesin Cuci, Kitchen Set, Kompor, Tempat Jemuran, Telepon, Taman, Teras, CCTV, AC, Tempat Cuci",Nimas,nimas wulan property,2026-02-20T19:10:32.543269+00:00,11,22,8,9,3,2,17,4
hos19240309,https://www.rumah123.com/properti/jakarta-pusat-sumur-batu/rumah-baru-minimalis-modern-2lt-di-sumur-batu-kemayoran-jakpus-hos19240309/,Rumah Baru Minimalis Modern 2Lt di Taman Solo Cempaka Putih Tengah Jakpus,1290000000.0,"Rp 1,29 Miliar",IDR,Rumah,Jakarta Pusat,"Sumur Batu, Jakarta Pusat","Jl. Cempaka Putih Tengah XXVI D D no 47, Cempaka Putih Timur, Cempaka Putih, Kota Jakarta Pusat, DKI Jakarta, Indonesia, 10510",-6.16262,106.87728,45.0,72.0,3.0,3.0,1.0,1.0,2.0,1.0,,Bagus,SHM,Unfurnished,2200.0,Selatan,"Beton, Bata Merah, Bata Hebel","Granit, Keramik, Vinyl",PAM atau PDAM,"Keamanan 24 Jam, Masjid, Akses Parkir, Taman, One Gate System, Laundry, Wastafel, Tempat Jemuran, Taman, Teras, CCTV, Tempat Cuci",Ullin Achmad,$undefined,2026-02-20T19:10:36.414660+00:00,11,16,4,9,2,6,15,8
hos14434302,https://www.rumah123.com/properti/jakarta-pusat-percetakan-negara/rumah-3-lantai-baru-shm-minimalis-modern-di-rawasari-jakarta-pusat-hos14434302/,Rumah 3 Lantai Baru SHM Minimalis Modern di Rawasari Jakarta Pusat,1070379000.0,"Rp 1,07 Miliar",IDR,Rumah,Jakarta Pusat,"Percetakan Negara, Jakarta Pusat",Jalan Percetakan Negara 11 Rawasari Cempaka Putih Jakarta Pusat ,-6.18935,106.85756,25.0,73.0,2.0,2.0,,,2.0,1.0,,Baru,SHM,Unfurnished,2200.0,Selatan,"Beton, Bata Merah, Bata Hebel","Granit, Keramik, Marmer, Vinyl",PAM atau PDAM,"Keamanan 24 Jam, Masjid, Akses Parkir, Kolam Renang, CCTV, One Gate System, Laundry, Wastafel, Tempat Jemuran, Kolam Renang",Ullin Achmad,$undefined,2026-02-20T19:11:38.474285+00:00,11,12,7,5,3,2,17,10
hos10614952,https://www.rumah123.com/properti/jakarta-pusat-cempaka-putih/rumah-baru-minimalis-modern-2lantai-di-cempaka-putih-jakpus-hos10614952/,Rumah Baru Minimalis Modern 2lantai Di Cempaka Putih Jakpus,1275000000.0,"Rp 1,27 Miliar",IDR,Rumah,Jakarta Pusat,"Cempaka Putih, Jakarta Pusat","Jalan Cempaka Putih Barat 2F, Cempaka Putih Jakarta Pusat",-6.18128,106.87535,40.0,58.0,3.0,3.0,,,2.0,1.0,,Baru,SHM,Unfurnished,2200.0,Barat,"Beton, Bata Merah, Bata Hebel","Granit, Keramik, Marmer, Vinyl",PAM atau PDAM,"Keamanan 24 Jam, Akses Parkir, Taman, CCTV, One Gate System, Laundry, Wastafel, CCTV, Tempat Jemuran",Ullin Achmad,$undefined,2026-02-20T19:11:42.053313+00:00,8,16,6,8,3,3,11,6
hos15188297,https://www.rumah123.com/properti/jakarta-pusat-cempaka-putih/rumah-mewah-minimalis-modern-2-lt-di-cempak-putih-jakpus-hos15188297/,Rumah Mewah Minimalis Modern 2 Lt Di Cempak Putih Jakpus,1326000000.0,"Rp 1,32 Miliar",IDR,Rumah,Jakarta Pusat,"Cempaka Putih, Jakarta Pusat","Jalan Cempaka Putih Barat 2B, Cempaka Putih Barat Jakarta Pusat",-6.18128,106.87535,41.0,62.0,4.0,4.0,1.0,1.0,2.0,1.0,,Baru,SHM,Unfurnished,2200.0,Utara,"Beton, Bata Merah, Bata Hebel","Granit, Keramik, Marmer, Vinyl",PAM atau PDAM,"Keamanan 24 Jam, Akses Parkir, One Gate System, Laundry, Wastafel, Tempat Jemuran",Ullin Achmad,$undefined,2026-02-20T19:11:46.046284+00:00,5,17,5,11,4,3,15,8
hos15240639,https://www.rumah123.com/properti/jakarta-pusat-cempaka-putih/rumah-3-lantai-minimalis-modern-di-rawasari-jakarta-pusat-hos15240639/,Rumah 3 Lantai Minimalis Modern Di Rawasari Jakarta Pusat,1070379000.0,"Rp 1,07 Miliar",IDR,Rumah,Jakarta Pusat,"Cempaka Putih, Jakarta Pusat",Jalan Percetakan Negara 11 Rawasari Cempaka Putih Jakarta Pusat,-6.18128,106.87535,25.0,73.0,3.0,3.0,,,3.0,1.0,,Baru,SHM,Unfurnished,,Selatan,"Beton, Bata Merah, Bata Hebel","Granit, Keramik, Marmer, Vinyl",PAM atau PDAM,"Keamanan 24 Jam, Akses Parkir, Kolam Renang, One Gate System, Laundry, Wastafel, CCTV, Tempat Jemuran",Ullin Achmad,$undefined,2026-02-20T19:11:49.436238+00:00,10,17,6,11,2,4,18,4
hos8961391,https://www.rumah123.com/properti/jakarta-pusat-sawah-besar/hunian-mewah-modern-2-lantai-di-industri-2-jakarta-pusat-hos8961391/,HUNIAN MEWAH MODERN 2 LANTAI DI INDUSTRI 2 JAKARTA PUSAT,497000000.0,Rp 497 Juta,IDR,Rumah,Jakarta Pusat,"Sawah Besar, Jakarta Pusat",Jalan Industri 2 Gunung Sahari Utara - Jakarta Pusat,-6.15273,106.84269,24.0,47.0,2.0,2.0,,,2.0,,,Baru,SHM,Unfurnished,2200.0,Barat,"Beton, Bata Merah, Bata Hebel","Granit, Keramik, Marmer, Vinyl",PAM atau PDAM,"Keamanan 24 Jam, Taman, One Gate System, Laundry, Wastafel, CCTV, Tempat Jemuran",Ullin Achmad,$undefined,2026-02-20T19:11:56.287165+00:00,6,17,3,7,2,4,16,6
hos14425854,https://www.rumah123.com/properti/jakarta-pusat-sawah-besar/rumah-minimalis-modern-di-jl-industri-2-jakarta-pusat-hos14425854/,Rumah Minimalis Modern 2 Lantai Di Jl Mangga Besar 13 Jakarta Pusat,473000000.0,Rp 473 Juta,IDR,Rumah,Jakarta Pusat,"Sawah Besar, Jakarta Pusat","No, Jl. Mangga Besar 13, Mangga Dua Selatan, Sawah Besar, Kota Jakarta Pusat, DKI Jakarta, Indonesia, 10730",-6.15273,106.84269,21.0,36.0,2.0,2.0,,,2.0,,,Baru,SHM,Unfurnished,2200.0,Timur,"Beton, Bata Merah, Bata Hebel","Granit, Keramik, Marmer, Vinyl",PAM atau PDAM,"Keamanan 24 Jam, CCTV, One Gate System, Laundry, Wastafel, Tempat Jemuran, Taman",Ullin Achmad,$undefined,2026-02-20T19:12:00.063488+00:00,5,11,7,6,2,4,17,10
hos14434530,https://www.rumah123.com/properti/jakarta-timur-matraman/rumah-minimalis-modern-2-lt-di-jl-pisangan-baru-jakarta-timur-hos14434530/,Rumah Minimalis Modern 2 Lt Di Jl Pisangan Baru Selatan Jakarta Timur,1250000000.0,"Rp 1,25 Miliar",IDR,Rumah,Jakarta Pusat,"Cempaka Putih, Jakarta Pusat","Jl. Percetakan Negara XI No. 11a, Rawasari, Cempaka Putih, Kota Jakarta Pusat, DKI Jakarta, Indonesia, 10570",-6.18128,106.875351,38.0,68.0,2.0,2.0,1.0,1.0,2.0,1.0,,Baru,SHM,Unfurnished,2200.0,Utara,"Beton, Bata Merah, Bata Hebel","Granit, Keramik, Marmer, Vinyl",PAM atau PDAM,"Keamanan 24 Jam, CCTV, One Gate System, Laundry, Wastafel, Tempat Jemuran",Ullin Achmad,$undefined,2026-02-20T19:12:04.155100+00:00,5,16,6,12,4,3,18,10
hos14434760,https://www.rumah123.com/properti/jakarta-timur-matraman/rumah-baru-2-lantai-minimalis-modern-di-pisangan-baru-utara-jakarta-hos14434760/,Rumah Baru 2 Lantai Minimalis Modern Di Pisangan Baru Utara Jakarta ,1280000000.0,"Rp 1,28 Miliar",IDR,Rumah,Jakarta Pusat,"Percetakan Negara, Jakarta Pusat","Jl. Percetakan Negara XI A No.28, Rawasari, Cempaka Putih, Kota Jakarta Pusat, DKI Jakarta, Indonesia, 10570",-6.18935,106.857559,39.0,70.0,2.0,2.0,1.0,1.0,2.0,1.0,,Bagus,SHM,Unfurnished,,Utara,"Beton, Bata Merah, Bata Hebel","Granit, Keramik, Marmer, Vinyl",PAM atau PDAM,"Keamanan 24 Jam, CCTV, One Gate System, Laundry, Wastafel, Tempat Jemuran",Ullin Achmad,$undefined,2026-02-20T19:12:06.869625+00:00,8,13,7,13,2,4,15,4
hos8955275,https://www.rumah123.com/properti/jakarta-pusat-cempaka-putih/rumah-minimalis-modern-mewah-2-lt-di-rawasari-timurjakarta-pusat-hos8955275/,"Rumah Minimalis Modern, Mewah 2 Lt Di Rawasari Timurjakarta Pusat ",1274000000.0,"Rp 1,27 Miliar",IDR,Rumah,Jakarta Pusat,"Cempaka Putih, Jakarta Pusat",Jalan Rawasari Timur 2 Cempaka Putih Timur Jakarta Pusat ,-6.18128,106.87535,58.0,100.0,3.0,3.0,1.0,1.0,2.0,1.0,,Baru,SHM,Unfurnished,,Utara,"Beton, Bata Merah, Bata Hebel","Granit, Keramik, Marmer, Vinyl",PAM atau PDAM,"Keamanan 24 Jam, Akses Parkir, CCTV, One Gate System, Laundry, Wastafel, CCTV, Tempat Jemuran",Ullin Achmad,$undefined,2026-02-20T19:13:32.753186+00:00,7,24,3,6,3,4,14,3
