region_id,period_start,scope,article_count,positive_count,negative_count,neutral_count,avg_sentiment,weighted_avg_sentiment,dominant_category,signal_strength
Jakarta Selatan,2023-03-01,local,1,0,0,1,0.0557,0.0031,development,0.3416
Jakarta Selatan,2023-03-01,regional,1,0,0,1,0.0441,0.0047,infrastructure,0.3423
Jakarta Selatan,2023-03-01,national,3,0,3,0,-0.7833,-0.6683,economy,0.7542
Jakarta Selatan,2023-03-01,combined,5,0,3,2,-0.45,-0.3994,economy,0.6997
Jakarta Pusat,2023-03-01,local,2,0,0,2,0.043,0.0033,development,0.3816
Jakarta Pusat,2023-03-01,regional,0,0,0,0,0.0,0.0,,0.0
Jakarta Pusat,2023-03-01,national,3,0,3,0,-0.7833,-0.6683,economy,0.7542
Jakarta Pusat,2023-03-01,combined,5,0,3,2,-0.4528,-0.3997,economy,0.6998
Jakarta Barat,2023-03-01,local,1,0,0,1,0.0239,0.0026,development,0.3413
Jakarta Barat,2023-03-01,regional,1,0,0,1,0.025,0.0036,infrastructure,0.3418
Jakarta Barat,2023-03-01,national,3,0,3,0,-0.7833,-0.6683,economy,0.7542
Jakarta Barat,2023-03-01,combined,5,0,3,2,-0.4602,-0.3998,economy,0.6999
Jakarta Timur,2023-03-01,local,2,0,0,2,0.0527,0.0055,development,0.3828
Jakarta Timur,2023-03-01,regional,1,0,0,1,0.0454,0.0039,infrastructure,0.3419
Jakarta Timur,2023-03-01,national,3,0,3,0,-0.7833,-0.6683,economy,0.7542
Jakarta Timur,2023-03-01,combined,6,0,3,3,-0.3665,-0.3317,development,0.6658
Jakarta Utara,2023-03-01,local,2,0,0,2,0.0061,0.0001,disaster,0.3801
Jakarta Utara,2023-03-01,regional,0,0,0,0,0.0,0.0,,0.0
Jakarta Utara,2023-03-01,national,3,0,3,0,-0.7833,-0.6683,economy,0.7542
Jakarta Utara,2023-03-01,combined,5,0,3,2,-0.4676,-0.4009,economy,0.7005
Jakarta Selatan,2023-04-01,local,1,0,0,1,0.026,0.0014,market,0.3407
Jakarta Selatan,2023-04-01,regional,0,0,0,0,0.0,0.0,,0.0
Jakarta Selatan,2023-04-01,national,3,0,3,0,-0.7333,-0.5892,market,0.7146
Jakarta Selatan,2023-04-01,combined,4,0,3,1,-0.5435,-0.4415,market,0.6808
Jakarta Pusat,2023-04-01,local,1,0,0,1,0.03,0.0034,development,0.3417
Jakarta Pusat,2023-04-01,regional,1,0,0,1,0.0375,0.0026,development,0.3413
Jakarta Pusat,2023-04-01,national,3,0,3,0,-0.7333,-0.5892,market,0.7146
Jakarta Pusat,2023-04-01,combined,5,0,3,2,-0.4265,-0.3523,development,0.6762
Jakarta Barat,2023-04-01,local,2,0,0,2,0.0316,0.0026,development,0.3813
Jakarta Barat,2023-04-01,regional,0,0,0,0,0.0,0.0,,0.0
Jakarta Barat,2023-04-01,national,3,0,3,0,-0.7333,-0.5892,market,0.7146
Jakarta Barat,2023-04-01,combined,5,0,3,2,-0.4274,-0.3525,market,0.6762
Jakarta Timur,2023-04-01,local,1,0,0,1,0.0338,0.0033,infrastructure,0.3417
Jakarta Timur,2023-04-01,regional,0,0,0,0,0.0,0.0,,0.0
Jakarta Timur,2023-04-01,national,3,0,3,0,-0.7333,-0.5892,market,0.7146
Jakarta Timur,2023-04-01,combined,4,0,3,1,-0.5415,-0.441,market,0.6805
Jakarta Utara,2023-04-01,local,1,0,0,1,0.0146,0.002,infrastructure,0.341
Jakarta Utara,2023-04-01,regional,0,0,0,0,0.0,0.0,,0.0
Jakarta Utara,2023-04-01,national,3,0,3,0,-0.7333,-0.5892,market,0.7146
Jakarta Utara,2023-04-01,combined,4,0,3,1,-0.5464,-0.4414,market,0.6807
Jakarta Selatan,2023-05-01,local,2,0,0,2,0.034,0.004,market,0.382
Jakarta Selatan,2023-05-01,regional,1,0,0,1,0.0366,0.0038,development,0.3419
Jakarta Selatan,2023-05-01,national,2,0,2,0,-0.675,-0.5238,market,0.6419
Jakarta Selatan,2023-05-01,combined,5,0,2,3,-0.2491,-0.2071,market,0.6036
Jakarta Pusat,2023-05-01,local,2,0,0,2,0.0154,0.0014,development,0.3807
Jakarta Pusat,2023-05-01,regional,1,0,0,1,0.0179,0.0018,development,0.3409
Jakarta Pusat,2023-05-01,national,2,0,2,0,-0.675,-0.5238,market,0.6419
Jakarta Pusat,2023-05-01,combined,5,0,2,3,-0.2603,-0.2086,development,0.6043
Jakarta Barat,2023-05-01,local,2,0,0,2,0.0309,0.0027,infrastructure,0.3814
Jakarta Barat,2023-05-01,regional,1,0,0,1,-0.0385,-0.0036,disaster,0.3418
Jakarta Barat,2023-05-01,national,2,0,2,0,-0.675,-0.5238,market,0.6419
Jakarta Barat,2023-05-01,combined,5,0,2,3,-0.2653,-0.2091,market,0.6046
Jakarta Timur,2023-05-01,local,1,0,0,1,0.0235,0.0026,infrastructure,0.3413
Jakarta Timur,2023-05-01,regional,1,0,0,1,0.0174,0.0009,development,0.3404
Jakarta Timur,2023-05-01,national,2,0,2,0,-0.675,-0.5238,market,0.6419
Jakarta Timur,2023-05-01,combined,4,0,2,2,-0.3273,-0.261,infrastructure,0.5905
Jakarta Utara,2023-05-01,local,1,0,0,1,0.0211,0.0021,infrastructure,0.3411
Jakarta Utara,2023-05-01,regional,0,0,0,0,0.0,0.0,,0.0
Jakarta Utara,2023-05-01,national,2,0,2,0,-0.675,-0.5238,market,0.6419
Jakarta Utara,2023-05-01,combined,3,0,2,1,-0.443,-0.3485,infrastructure,0.5942
Jakarta Selatan,2023-06-01,local,1,0,0,1,0.0204,0.0019,infrastructure,0.3409
Jakarta Selatan,2023-06-01,regional,0,0,0,0,0.0,0.0,,0.0
Jakarta Selatan,2023-06-01,national,2,0,2,0,-0.35,-0.2375,economy,0.4988
Jakarta Selatan,2023-06-01,combined,3,0,2,1,-0.2265,-0.1577,infrastructure,0.4989
Jakarta Pusat,2023-06-01,local,1,0,0,1,0.0743,0.0044,infrastructure,0.3422
Jakarta Pusat,2023-06-01,regional,0,0,0,0,0.0,0.0,,0.0
Jakarta Pusat,2023-06-01,national,2,0,2,0,-0.35,-0.2375,economy,0.4988
Jakarta Pusat,2023-06-01,combined,3,0,2,1,-0.2086,-0.1569,infrastructure,0.4984
Jakarta Barat,2023-06-01,local,1,0,0,1,0.021,0.0017,development,0.3408
Jakarta Barat,2023-06-01,regional,0,0,0,0,0.0,0.0,,0.0
Jakarta Barat,2023-06-01,national,2,0,2,0,-0.35,-0.2375,economy,0.4988
Jakarta Barat,2023-06-01,combined,3,0,2,1,-0.2263,-0.1578,development,0.4989
Jakarta Timur,2023-06-01,local,1,0,0,1,0.0485,0.0051,infrastructure,0.3426
Jakarta Timur,2023-06-01,regional,0,0,0,0,0.0,0.0,,0.0
Jakarta Timur,2023-06-01,national,2,0,2,0,-0.35,-0.2375,economy,0.4988
Jakarta Timur,2023-06-01,combined,3,0,2,1,-0.2172,-0.1566,infrastructure,0.4983
Jakarta Utara,2023-06-01,local,1,0,0,1,0.0476,0.0032,infrastructure,0.3416
Jakarta Utara,2023-06-01,regional,0,0,0,0,0.0,0.0,,0.0
Jakarta Utara,2023-06-01,national,2,0,2,0,-0.35,-0.2375,economy,0.4988
Jakarta Utara,2023-06-01,combined,3,0,2,1,-0.2175,-0.1573,infrastructure,0.4986
Jakarta Selatan,2023-07-01,local,1,0,0,1,0.018,0.0016,infrastructure,0.3408
Jakarta Selatan,2023-07-01,regional,0,0,0,0,0.0,0.0,,0.0
Jakarta Selatan,2023-07-01,national,0,0,0,0,0.0,0.0,,0.0
Jakarta Selatan,2023-07-01,combined,1,0,0,1,0.018,0.0016,infrastructure,0.3408
Jakarta Pusat,2023-07-01,local,1,0,0,1,0.0618,0.0079,infrastructure,0.3439
Jakarta Pusat,2023-07-01,regional,1,0,0,1,0.0577,0.0052,development,0.3426
Jakarta Pusat,2023-07-01,national,0,0,0,0,0.0,0.0,,0.0
Jakarta Pusat,2023-07-01,combined,2,0,0,2,0.0597,0.0066,infrastructure,0.3833
Jakarta Barat,2023-07-01,local,1,0,0,1,0.0412,0.0035,development,0.3417
Jakarta Barat,2023-07-01,regional,1,0,0,1,0.053,0.003,infrastructure,0.3415
Jakarta Barat,2023-07-01,national,0,0,0,0,0.0,0.0,,0.0
Jakarta Barat,2023-07-01,combined,2,0,0,2,0.0471,0.0033,development,0.3816
Jakarta Timur,2023-07-01,local,1,0,0,1,0.0555,0.0059,infrastructure,0.3429
Jakarta Timur,2023-07-01,regional,0,0,0,0,0.0,0.0,,0.0
Jakarta Timur,2023-07-01,national,0,0,0,0,0.0,0.0,,0.0
Jakarta Timur,2023-07-01,combined,1,0,0,1,0.0555,0.0059,infrastructure,0.3429
Jakarta Utara,2023-07-01,local,1,0,0,1,0.0408,0.0033,infrastructure,0.3417
Jakarta Utara,2023-07-01,regional,0,0,0,0,0.0,0.0,,0.0
Jakarta Utara,2023-07-01,national,0,0,0,0,0.0,0.0,,0.0
Jakarta Utara,2023-07-01,combined,1,0,0,1,0.0408,0.0033,infrastructure,0.3417
Jakarta Selatan,2023-08-01,local,1,0,0,1,0.0482,0.0039,infrastructure,0.3419
Jakarta Selatan,2023-08-01,regional,0,0,0,0,0.0,0.0,,0.0
Jakarta Selatan,2023-08-01,national,0,0,0,0,0.0,0.0,,0.0
Jakarta Selatan,2023-08-01,combined,1,0,0,1,0.0482,0.0039,infrastructure,0.3419
Jakarta Pusat,2023-08-01,local,1,0,0,1,0.0625,0.0075,development,0.3438
Jakarta Pusat,2023-08-01,regional,0,0,0,0,0.0,0.0,,0.0
Jakarta Pusat,2023-08-01,national,0,0,0,0,0.0,0.0,,0.0
Jakarta Pusat,2023-08-01,combined,1,0,0,1,0.0625,0.0075,development,0.3438
Jakarta Barat,2023-08-01,local,1,0,0,1,0.0373,0.0042,market,0.3421
Jakarta Barat,2023-08-01,regional,0,0,0,0,0.0,0.0,,0.0
Jakarta Barat,2023-08-01,national,0,0,0,0,0.0,0.0,,0.0
Jakarta Barat,2023-08-01,combined,1,0,0,1,0.0373,0.0042,market,0.3421
Jakarta Timur,2023-08-01,local,2,0,0,2,0.0447,0.0052,development,0.3826
Jakarta Timur,2023-08-01,regional,1,0,0,1,0.025,0.0026,infrastructure,0.3413
Jakarta Timur,2023-08-01,national,0,0,0,0,0.0,0.0,,0.0
Jakarta Timur,2023-08-01,combined,3,0,0,3,0.0382,0.0044,development,0.4222
Jakarta Utara,2023-08-01,local,1,0,0,1,0.0301,0.0034,infrastructure,0.3417
Jakarta Utara,2023-08-01,regional,1,0,0,1,0.023,0.0026,infrastructure,0.3413
Jakarta Utara,2023-08-01,national,0,0,0,0,0.0,0.0,,0.0
Jakarta Utara,2023-08-01,combined,2,0,0,2,0.0265,0.003,infrastructure,0.3815
Jakarta Selatan,2023-09-01,local,1,0,0,1,0.0472,0.0032,development,0.3416
Jakarta Selatan,2023-09-01,regional,0,0,0,0,0.0,0.0,,0.0
Jakarta Selatan,2023-09-01,national,1,0,0,1,-0.0058,-0.0006,economy,0.3403
Jakarta Selatan,2023-09-01,combined,2,0,0,2,0.0207,0.0013,development,0.3806
Jakarta Pusat,2023-09-01,local,2,0,0,2,-0.0101,-0.0014,policy,0.3807
Jakarta Pusat,2023-09-01,regional,1,0,0,1,0.0688,0.0094,infrastructure,0.3447
Jakarta Pusat,2023-09-01,national,1,0,0,1,-0.0058,-0.0006,economy,0.3403
Jakarta Pusat,2023-09-01,combined,4,0,0,4,0.0107,0.0015,policy,0.4607
Jakarta Barat,2023-09-01,local,2,0,0,2,0.0295,0.0032,development,0.3816
Jakarta Barat,2023-09-01,regional,0,0,0,0,0.0,0.0,,0.0
Jakarta Barat,2023-09-01,national,1,0,0,1,-0.0058,-0.0006,economy,0.3403
Jakarta Barat,2023-09-01,combined,3,0,0,3,0.0177,0.002,development,0.421
Jakarta Timur,2023-09-01,local,1,0,0,1,0.0232,0.0024,development,0.3412
Jakarta Timur,2023-09-01,regional,0,0,0,0,0.0,0.0,,0.0
Jakarta Timur,2023-09-01,national,1,0,0,1,-0.0058,-0.0006,economy,0.3403
Jakarta Timur,2023-09-01,combined,2,0,0,2,0.0087,0.0009,development,0.3805
Jakarta Utara,2023-09-01,local,2,0,0,2,0.0382,0.003,infrastructure,0.3815
Jakarta Utara,2023-09-01,regional,0,0,0,0,0.0,0.0,,0.0
Jakarta Utara,2023-09-01,national,1,0,0,1,-0.0058,-0.0006,economy,0.3403
Jakarta Utara,2023-09-01,combined,3,0,0,3,0.0235,0.0018,infrastructure,0.4209
Jakarta Selatan,2023-10-01,local,1,0,0,1,0.0336,0.0032,environment,0.3416
Jakarta Selatan,2023-10-01,regional,0,0,0,0,0.0,0.0,,0.0
Jakarta Selatan,2023-10-01,national,1,0,0,1,-0.001,-0.0001,environment,0.3401
Jakarta Selatan,2023-10-01,combined,2,0,0,2,0.0163,0.0016,environment,0.3808
Jakarta Pusat,2023-10-01,local,1,0,0,1,0.0402,0.0027,policy,0.3413
Jakarta Pusat,2023-10-01,regional,1,0,0,1,0.0348,0.0045,infrastructure,0.3422
Jakarta Pusat,2023-10-01,national,1,0,0,1,-0.001,-0.0001,environment,0.3401
Jakarta Pusat,2023-10-01,combined,3,0,0,3,0.0247,0.0024,policy,0.4212
Jakarta Barat,2023-10-01,local,1,0,0,1,0.0454,0.0031,development,0.3416
Jakarta Barat,2023-10-01,regional,0,0,0,0,0.0,0.0,,0.0
Jakarta Barat,2023-10-01,national,1,0,0,1,-0.001,-0.0001,environment,0.3401
Jakarta Barat,2023-10-01,combined,2,0,0,2,0.0222,0.0015,development,0.3808
Jakarta Timur,2023-10-01,local,2,0,0,2,0.0534,0.005,development,0.3825
Jakarta Timur,2023-10-01,regional,1,0,0,1,0.0409,0.004,development,0.342
Jakarta Timur,2023-10-01,national,1,0,0,1,-0.001,-0.0001,environment,0.3401
Jakarta Timur,2023-10-01,combined,4,0,0,4,0.0367,0.0035,development,0.4617
Jakarta Utara,2023-10-01,local,1,0,0,1,0.029,0.0028,development,0.3414
Jakarta Utara,2023-10-01,regional,0,0,0,0,0.0,0.0,,0.0
Jakarta Utara,2023-10-01,national,1,0,0,1,-0.001,-0.0001,environment,0.3401
Jakarta Utara,2023-10-01,combined,2,0,0,2,0.014,0.0014,development,0.3807
Jakarta Selatan,2023-11-01,local,1,0,0,1,0.0456,0.0044,development,0.3422
Jakarta Selatan,2023-11-01,regional,0,0,0,0,0.0,0.0,,0.0
Jakarta Selatan,2023-11-01,national,0,0,0,0,0.0,0.0,,0.0
Jakarta Selatan,2023-11-01,combined,1,0,0,1,0.0456,0.0044,development,0.3422
Jakarta Pusat,2023-11-01,local,2,0,0,2,0.0539,0.0054,development,0.3827
Jakarta Pusat,2023-11-01,regional,1,0,0,1,0.0536,0.0032,development,0.3416
Jakarta Pusat,2023-11-01,national,0,0,0,0,0.0,0.0,,0.0
Jakarta Pusat,2023-11-01,combined,3,0,0,3,0.0538,0.0047,development,0.4223
Jakarta Barat,2023-11-01,local,2,0,0,2,-0.01,-0.0012,disaster,0.3806
Jakarta Barat,2023-11-01,regional,1,0,0,1,0.0512,0.0029,market,0.3414
Jakarta Barat,2023-11-01,national,0,0,0,0,0.0,0.0,,0.0
Jakarta Barat,2023-11-01,combined,3,0,0,3,0.0104,0.0002,market,0.4201
Jakarta Timur,2023-11-01,local,2,0,0,2,0.0321,0.0029,market,0.3815
Jakarta Timur,2023-11-01,regional,0,0,0,0,0.0,0.0,,0.0
Jakarta Timur,2023-11-01,national,0,0,0,0,0.0,0.0,,0.0
Jakarta Timur,2023-11-01,combined,2,0,0,2,0.0321,0.0029,market,0.3815
Jakarta Utara,2023-11-01,local,1,0,0,1,0.0651,0.0056,development,0.3428
Jakarta Utara,2023-11-01,regional,0,0,0,0,0.0,0.0,,0.0
Jakarta Utara,2023-11-01,national,0,0,0,0,0.0,0.0,,0.0
Jakarta Utara,2023-11-01,combined,1,0,0,1,0.0651,0.0056,development,0.3428
Jakarta Selatan,2023-12-01,local,2,0,0,2,0.0429,0.0043,market,0.3821
Jakarta Selatan,2023-12-01,regional,0,0,0,0,0.0,0.0,,0.0
Jakarta Selatan,2023-12-01,national,1,0,0,1,0.0549,0.0063,economy,0.3432
Jakarta Selatan,2023-12-01,combined,3,0,0,3,0.0469,0.0049,market,0.4225
Jakarta Pusat,2023-12-01,local,1,0,0,1,0.0352,0.0031,development,0.3416
Jakarta Pusat,2023-12-01,regional,1,0,0,1,0.0298,0.0024,development,0.3412
Jakarta Pusat,2023-12-01,national,1,0,0,1,0.0549,0.0063,economy,0.3432
Jakarta Pusat,2023-12-01,combined,3,0,0,3,0.04,0.0039,development,0.422
Jakarta Barat,2023-12-01,local,1,0,0,1,0.0562,0.0043,development,0.3422
Jakarta Barat,2023-12-01,regional,0,0,0,0,0.0,0.0,,0.0
Jakarta Barat,2023-12-01,national,1,0,0,1,0.0549,0.0063,economy,0.3432
Jakarta Barat,2023-12-01,combined,2,0,0,2,0.0556,0.0053,development,0.3826
Jakarta Timur,2023-12-01,local,2,0,0,2,0.037,0.0032,infrastructure,0.3816
Jakarta Timur,2023-12-01,regional,0,0,0,0,0.0,0.0,,0.0
Jakarta Timur,2023-12-01,national,1,0,0,1,0.0549,0.0063,economy,0.3432
Jakarta Timur,2023-12-01,combined,3,0,0,3,0.043,0.0042,infrastructure,0.4221
Jakarta Utara,2023-12-01,local,1,0,0,1,-0.0456,-0.0038,environment,0.3419
Jakarta Utara,2023-12-01,regional,0,0,0,0,0.0,0.0,,0.0
Jakarta Utara,2023-12-01,national,1,0,0,1,0.0549,0.0063,economy,0.3432
Jakarta Utara,2023-12-01,combined,2,0,0,2,0.0046,0.0013,environment,0.3806
Jakarta Selatan,2024-01-01,local,1,0,0,1,0.0507,0.0028,infrastructure,0.3414
Jakarta Selatan,2024-01-01,regional,0,0,0,0,0.0,0.0,,0.0
Jakarta Selatan,2024-01-01,national,3,0,3,0,-0.85,-0.7242,disaster,0.7821
Jakarta Selatan,2024-01-01,combined,4,0,3,1,-0.6248,-0.5424,disaster,0.7312
Jakarta Pusat,2024-01-01,local,1,0,0,1,0.0372,0.0047,infrastructure,0.3423
Jakarta Pusat,2024-01-01,regional,0,0,0,0,0.0,0.0,,0.0
Jakarta Pusat,2024-01-01,national,3,0,3,0,-0.85,-0.7242,disaster,0.7821
Jakarta Pusat,2024-01-01,combined,4,0,3,1,-0.6282,-0.542,disaster,0.731
Jakarta Barat,2024-01-01,local,1,0,0,1,0.0446,0.0053,development,0.3427
Jakarta Barat,2024-01-01,regional,1,0,0,1,-0.0569,-0.003,disaster,0.3415
Jakarta Barat,2024-01-01,national,3,0,3,0,-0.85,-0.7242,disaster,0.7821
Jakarta Barat,2024-01-01,combined,5,0,3,2,-0.5125,-0.434,disaster,0.717
Jakarta Timur,2024-01-01,local,1,0,0,1,0.0312,0.0026,development,0.3413
Jakarta Timur,2024-01-01,regional,1,0,0,1,0.0515,0.0032,development,0.3416
Jakarta Timur,2024-01-01,national,3,0,3,0,-0.85,-0.7242,disaster,0.7821
Jakarta Timur,2024-01-01,combined,5,0,3,2,-0.4935,-0.4333,disaster,0.7167
Jakarta Utara,2024-01-01,local,2,0,0,2,0.0082,0.0011,disaster,0.3805
Jakarta Utara,2024-01-01,regional,0,0,0,0,0.0,0.0,,0.0
Jakarta Utara,2024-01-01,national,3,0,3,0,-0.85,-0.7242,disaster,0.7821
Jakarta Utara,2024-01-01,combined,5,0,3,2,-0.5067,-0.4341,disaster,0.717
Jakarta Selatan,2024-02-01,local,1,0,0,1,0.035,0.0034,development,0.3417
Jakarta Selatan,2024-02-01,regional,0,0,0,0,0.0,0.0,,0.0
Jakarta Selatan,2024-02-01,national,2,0,2,0,-0.675,-0.5238,disaster,0.6419
Jakarta Selatan,2024-02-01,combined,3,0,2,1,-0.4383,-0.348,development,0.594
Jakarta Pusat,2024-02-01,local,1,0,0,1,0.0395,0.003,development,0.3415
Jakarta Pusat,2024-02-01,regional,1,0,0,1,0.0408,0.0033,development,0.3417
Jakarta Pusat,2024-02-01,national,2,0,2,0,-0.675,-0.5238,disaster,0.6419
Jakarta Pusat,2024-02-01,combined,4,0,2,2,-0.3174,-0.2603,development,0.5901
Jakarta Barat,2024-02-01,local,1,0,0,1,0.0391,0.004,market,0.342
Jakarta Barat,2024-02-01,regional,0,0,0,0,0.0,0.0,,0.0
Jakarta Barat,2024-02-01,national,2,0,2,0,-0.675,-0.5238,disaster,0.6419
Jakarta Barat,2024-02-01,combined,3,0,2,1,-0.437,-0.3478,market,0.5939
Jakarta Timur,2024-02-01,local,2,0,0,2,0.049,0.0039,development,0.3819
Jakarta Timur,2024-02-01,regional,0,0,0,0,0.0,0.0,,0.0
Jakarta Timur,2024-02-01,national,2,0,2,0,-0.675,-0.5238,disaster,0.6419
Jakarta Timur,2024-02-01,combined,4,0,2,2,-0.313,-0.26,development,0.59
Jakarta Utara,2024-02-01,local,2,0,0,2,-0.015,-0.0013,development,0.3806
Jakarta Utara,2024-02-01,regional,0,0,0,0,0.0,0.0,,0.0
Jakarta Utara,2024-02-01,national,2,0,2,0,-0.675,-0.5238,disaster,0.6419
Jakarta Utara,2024-02-01,combined,4,0,2,2,-0.345,-0.2625,environment,0.5913
Jakarta Selatan,2024-03-01,local,1,0,0,1,0.0533,0.0034,development,0.3417
Jakarta Selatan,2024-03-01,regional,0,0,0,0,0.0,0.0,,0.0
Jakarta Selatan,2024-03-01,national,1,0,0,1,0.0248,0.0014,infrastructure,0.3407
Jakarta Selatan,2024-03-01,combined,2,0,0,2,0.0391,0.0024,development,0.3812
Jakarta Pusat,2024-03-01,local,1,0,0,1,0.0603,0.006,infrastructure,0.343
Jakarta Pusat,2024-03-01,regional,1,0,0,1,0.0305,0.0029,development,0.3414
Jakarta Pusat,2024-03-01,national,1,0,0,1,0.0248,0.0014,infrastructure,0.3407
Jakarta Pusat,2024-03-01,combined,3,0,0,3,0.0385,0.0034,infrastructure,0.4217
Jakarta Barat,2024-03-01,local,2,0,0,2,0.0473,0.0037,development,0.3819
Jakarta Barat,2024-03-01,regional,0,0,0,0,0.0,0.0,,0.0
Jakarta Barat,2024-03-01,national,1,0,0,1,0.0248,0.0014,infrastructure,0.3407
Jakarta Barat,2024-03-01,combined,3,0,0,3,0.0398,0.0029,development,0.4215
Jakarta Timur,2024-03-01,local,2,0,0,2,0.0319,0.0024,infrastructure,0.3812
Jakarta Timur,2024-03-01,regional,1,0,0,1,0.0493,0.0031,infrastructure,0.3416
Jakarta Timur,2024-03-01,national,1,0,0,1,0.0248,0.0014,infrastructure,0.3407
Jakarta Timur,2024-03-01,combined,4,0,0,4,0.0345,0.0024,infrastructure,0.4612
Jakarta Utara,2024-03-01,local,2,0,0,2,0.0041,0.0001,disaster,0.3801
Jakarta Utara,2024-03-01,regional,0,0,0,0,0.0,0.0,,0.0
Jakarta Utara,2024-03-01,national,1,0,0,1,0.0248,0.0014,infrastructure,0.3407
Jakarta Utara,2024-03-01,combined,3,0,0,3,0.011,0.0006,infrastructure,0.4203
Jakarta Selatan,2024-04-01,local,2,0,0,2,0.0277,0.0029,development,0.3815
Jakarta Selatan,2024-04-01,regional,0,0,0,0,0.0,0.0,,0.0
Jakarta Selatan,2024-04-01,national,0,0,0,0,0.0,0.0,,0.0
Jakarta Selatan,2024-04-01,combined,2,0,0,2,0.0277,0.0029,development,0.3815
Jakarta Pusat,2024-04-01,local,2,0,0,2,0.0525,0.0042,development,0.3821
Jakarta Pusat,2024-04-01,regional,1,0,0,1,0.0474,0.0029,development,0.3414
Jakarta Pusat,2024-04-01,national,0,0,0,0,0.0,0.0,,0.0
Jakarta Pusat,2024-04-01,combined,3,0,0,3,0.0508,0.0038,development,0.4219
Jakarta Barat,2024-04-01,local,1,0,0,1,0.0399,0.0037,development,0.3418
Jakarta Barat,2024-04-01,regional,1,0,0,1,0.0553,0.003,development,0.3415
Jakarta Barat,2024-04-01,national,0,0,0,0,0.0,0.0,,0.0
Jakarta Barat,2024-04-01,combined,2,0,0,2,0.0476,0.0034,development,0.3817
Jakarta Timur,2024-04-01,local,2,0,0,2,0.0567,0.0049,market,0.3825
Jakarta Timur,2024-04-01,regional,0,0,0,0,0.0,0.0,,0.0
Jakarta Timur,2024-04-01,national,0,0,0,0,0.0,0.0,,0.0
Jakarta Timur,2024-04-01,combined,2,0,0,2,0.0567,0.0049,market,0.3825
Jakarta Utara,2024-04-01,local,2,0,0,2,0.0422,0.0032,infrastructure,0.3816
Jakarta Utara,2024-04-01,regional,1,0,0,1,-0.0413,-0.003,environment,0.3415
Jakarta Utara,2024-04-01,national,0,0,0,0,0.0,0.0,,0.0
Jakarta Utara,2024-04-01,combined,3,0,0,3,0.0144,0.0011,infrastructure,0.4205
Jakarta Selatan,2024-05-01,local,2,0,0,2,0.0471,0.0052,market,0.3826
Jakarta Selatan,2024-05-01,regional,0,0,0,0,0.0,0.0,,0.0
Jakarta Selatan,2024-05-01,national,1,0,0,1,0.0241,0.0017,economy,0.3408
Jakarta Selatan,2024-05-01,combined,3,0,0,3,0.0395,0.004,market,0.422
Jakarta Pusat,2024-05-01,local,1,0,0,1,0.0463,0.0044,development,0.3422
Jakarta Pusat,2024-05-01,regional,0,0,0,0,0.0,0.0,,0.0
Jakarta Pusat,2024-05-01,national,1,0,0,1,0.0241,0.0017,economy,0.3408
Jakarta Pusat,2024-05-01,combined,2,0,0,2,0.0352,0.0031,development,0.3815
Jakarta Barat,2024-05-01,local,1,0,0,1,0.0498,0.0055,development,0.3427
Jakarta Barat,2024-05-01,regional,0,0,0,0,0.0,0.0,,0.0
Jakarta Barat,2024-05-01,national,1,0,0,1,0.0241,0.0017,economy,0.3408
Jakarta Barat,2024-05-01,combined,2,0,0,2,0.0369,0.0036,development,0.3818
Jakarta Timur,2024-05-01,local,2,0,0,2,0.0408,0.0041,environment,0.3821
Jakarta Timur,2024-05-01,regional,0,0,0,0,0.0,0.0,,0.0
Jakarta Timur,2024-05-01,national,1,0,0,1,0.0241,0.0017,economy,0.3408
Jakarta Timur,2024-05-01,combined,3,0,0,3,0.0353,0.0033,environment,0.4216
Jakarta Utara,2024-05-01,local,2,0,0,2,0.0448,0.0042,infrastructure,0.3821
Jakarta Utara,2024-05-01,regional,1,0,0,1,0.0568,0.0048,development,0.3424
Jakarta Utara,2024-05-01,national,1,0,0,1,0.0241,0.0017,economy,0.3408
Jakarta Utara,2024-05-01,combined,4,0,0,4,0.0426,0.0037,infrastructure,0.4619
Jakarta Selatan,2024-06-01,local,1,0,0,1,0.0559,0.0034,infrastructure,0.3417
Jakarta Selatan,2024-06-01,regional,0,0,0,0,0.0,0.0,,0.0
Jakarta Selatan,2024-06-01,national,1,0,0,1,0.0558,0.0066,market,0.3433
Jakarta Selatan,2024-06-01,combined,2,0,0,2,0.0558,0.005,infrastructure,0.3825
Jakarta Pusat,2024-06-01,local,1,0,0,1,0.0346,0.0034,market,0.3417
Jakarta Pusat,2024-06-01,regional,0,0,0,0,0.0,0.0,,0.0
Jakarta Pusat,2024-06-01,national,1,0,0,1,0.0558,0.0066,market,0.3433
Jakarta Pusat,2024-06-01,combined,2,0,0,2,0.0452,0.005,market,0.3825
Jakarta Barat,2024-06-01,local,1,0,0,1,0.0283,0.002,infrastructure,0.341
Jakarta Barat,2024-06-01,regional,0,0,0,0,0.0,0.0,,0.0
Jakarta Barat,2024-06-01,national,1,0,0,1,0.0558,0.0066,market,0.3433
Jakarta Barat,2024-06-01,combined,2,0,0,2,0.0421,0.0043,infrastructure,0.3821
Jakarta Timur,2024-06-01,local,1,0,0,1,0.0526,0.0048,infrastructure,0.3424
Jakarta Timur,2024-06-01,regional,1,0,0,1,0.064,0.0086,infrastructure,0.3443
Jakarta Timur,2024-06-01,national,1,0,0,1,0.0558,0.0066,market,0.3433
Jakarta Timur,2024-06-01,combined,3,0,0,3,0.0575,0.0067,infrastructure,0.4233
Jakarta Utara,2024-06-01,local,1,0,0,1,0.0397,0.0039,infrastructure,0.3419
Jakarta Utara,2024-06-01,regional,0,0,0,0,0.0,0.0,,0.0
Jakarta Utara,2024-06-01,national,1,0,0,1,0.0558,0.0066,market,0.3433
Jakarta Utara,2024-06-01,combined,2,0,0,2,0.0478,0.0052,infrastructure,0.3826
Jakarta Selatan,2024-07-01,local,1,0,0,1,0.0489,0.0065,infrastructure,0.3432
Jakarta Selatan,2024-07-01,regional,0,0,0,0,0.0,0.0,,0.0
Jakarta Selatan,2024-07-01,national,3,3,0,0,0.75,0.6392,policy,0.7396
Jakarta Selatan,2024-07-01,combined,4,3,0,1,0.5747,0.481,policy,0.7005
Jakarta Pusat,2024-07-01,local,1,0,0,1,0.0582,0.008,infrastructure,0.344
Jakarta Pusat,2024-07-01,regional,1,0,0,1,0.0223,0.0014,infrastructure,0.3407
Jakarta Pusat,2024-07-01,national,3,3,0,0,0.75,0.6392,policy,0.7396
Jakarta Pusat,2024-07-01,combined,5,3,0,2,0.4661,0.3854,infrastructure,0.6927
Jakarta Barat,2024-07-01,local,1,0,0,1,0.0611,0.0051,infrastructure,0.3426
Jakarta Barat,2024-07-01,regional,1,0,0,1,0.0481,0.0042,development,0.3421
Jakarta Barat,2024-07-01,national,3,3,0,0,0.75,0.6392,policy,0.7396
Jakarta Barat,2024-07-01,combined,5,3,0,2,0.4718,0.3854,policy,0.6927
Jakarta Timur,2024-07-01,local,2,0,0,2,0.0515,0.0055,development,0.3828
Jakarta Timur,2024-07-01,regional,0,0,0,0,0.0,0.0,,0.0
Jakarta Timur,2024-07-01,national,3,3,0,0,0.75,0.6392,policy,0.7396
Jakarta Timur,2024-07-01,combined,5,3,0,2,0.4706,0.3857,development,0.6928
Jakarta Utara,2024-07-01,local,2,0,0,2,-0.0026,-0.0003,infrastructure,0.3802
Jakarta Utara,2024-07-01,regional,1,0,0,1,0.048,0.003,development,0.3415
Jakarta Utara,2024-07-01,national,3,3,0,0,0.75,0.6392,policy,0.7396
Jakarta Utara,2024-07-01,combined,6,3,0,3,0.3822,0.32,policy,0.66
Jakarta Selatan,2024-08-01,local,1,0,0,1,0.0402,0.0027,development,0.3413
Jakarta Selatan,2024-08-01,regional,0,0,0,0,0.0,0.0,,0.0
Jakarta Selatan,2024-08-01,national,3,3,0,0,0.8,0.6942,policy,0.7671
Jakarta Selatan,2024-08-01,combined,4,3,0,1,0.61,0.5213,development,0.7207
Jakarta Pusat,2024-08-01,local,1,0,0,1,0.0395,0.0037,infrastructure,0.3418
Jakarta Pusat,2024-08-01,regional,1,0,0,1,0.0526,0.0043,market,0.3422
Jakarta Pusat,2024-08-01,national,3,3,0,0,0.8,0.6942,policy,0.7671
Jakarta Pusat,2024-08-01,combined,5,3,0,2,0.4984,0.4181,market,0.709
Jakarta Barat,2024-08-01,local,1,0,0,1,0.0453,0.0034,development,0.3417
Jakarta Barat,2024-08-01,regional,1,0,0,1,0.0347,0.0024,market,0.3412
Jakarta Barat,2024-08-01,national,3,3,0,0,0.8,0.6942,policy,0.7671
Jakarta Barat,2024-08-01,combined,5,3,0,2,0.496,0.4177,market,0.7088
Jakarta Timur,2024-08-01,local,2,0,0,2,0.0642,0.0069,environment,0.3834
Jakarta Timur,2024-08-01,regional,1,0,0,1,0.0552,0.007,infrastructure,0.3435
Jakarta Timur,2024-08-01,national,3,3,0,0,0.8,0.6942,policy,0.7671
Jakarta Timur,2024-08-01,combined,6,3,0,3,0.4306,0.3505,infrastructure,0.6753
Jakarta Utara,2024-08-01,local,2,0,0,2,0.0172,0.001,environment,0.3805
Jakarta Utara,2024-08-01,regional,0,0,0,0,0.0,0.0,,0.0
Jakarta Utara,2024-08-01,national,3,3,0,0,0.8,0.6942,policy,0.7671
Jakarta Utara,2024-08-01,combined,5,3,0,2,0.4869,0.4169,environment,0.7085
Jakarta Selatan,2024-09-01,local,1,0,0,1,0.0403,0.0043,market,0.3422
Jakarta Selatan,2024-09-01,regional,1,0,0,1,0.0572,0.0047,market,0.3423
Jakarta Selatan,2024-09-01,national,3,3,0,0,0.8,0.6817,policy,0.7608
Jakarta Selatan,2024-09-01,combined,5,3,0,2,0.4995,0.4108,market,0.7054
Jakarta Pusat,2024-09-01,local,1,0,0,1,0.0735,0.0109,infrastructure,0.3454
Jakarta Pusat,2024-09-01,regional,0,0,0,0,0.0,0.0,,0.0
Jakarta Pusat,2024-09-01,national,3,3,0,0,0.8,0.6817,policy,0.7608
Jakarta Pusat,2024-09-01,combined,4,3,0,1,0.6184,0.514,infrastructure,0.717
Jakarta Barat,2024-09-01,local,1,0,0,1,0.0204,0.0021,infrastructure,0.3411
Jakarta Barat,2024-09-01,regional,0,0,0,0,0.0,0.0,,0.0
Jakarta Barat,2024-09-01,national,3,3,0,0,0.8,0.6817,policy,0.7608
Jakarta Barat,2024-09-01,combined,4,3,0,1,0.6051,0.5118,infrastructure,0.7159
Jakarta Timur,2024-09-01,local,1,0,0,1,0.0629,0.0073,market,0.3437
Jakarta Timur,2024-09-01,regional,0,0,0,0,0.0,0.0,,0.0
Jakarta Timur,2024-09-01,national,3,3,0,0,0.8,0.6817,policy,0.7608
Jakarta Timur,2024-09-01,combined,4,3,0,1,0.6157,0.5131,market,0.7165
Jakarta Utara,2024-09-01,local,2,0,0,2,0.0505,0.0066,infrastructure,0.3833
Jakarta Utara,2024-09-01,regional,1,0,0,1,0.0372,0.0037,infrastructure,0.3418
Jakarta Utara,2024-09-01,national,3,3,0,0,0.8,0.6817,policy,0.7608
Jakarta Utara,2024-09-01,combined,6,3,0,3,0.423,0.3437,infrastructure,0.6718
Jakarta Selatan,2024-10-01,local,2,0,0,2,0.0612,0.0066,infrastructure,0.3833
Jakarta Selatan,2024-10-01,regional,1,0,0,1,0.0413,0.0048,development,0.3424
Jakarta Selatan,2024-10-01,national,0,0,0,0,0.0,0.0,,0.0
Jakarta Selatan,2024-10-01,combined,3,0,0,3,0.0546,0.006,development,0.423
Jakarta Pusat,2024-10-01,local,1,0,0,1,0.068,0.0075,development,0.3438
Jakarta Pusat,2024-10-01,regional,1,0,0,1,0.0637,0.0036,infrastructure,0.3418
Jakarta Pusat,2024-10-01,national,0,0,0,0,0.0,0.0,,0.0
Jakarta Pusat,2024-10-01,combined,2,0,0,2,0.0659,0.0055,development,0.3828
Jakarta Barat,2024-10-01,local,1,0,0,1,0.0447,0.0025,market,0.3412
Jakarta Barat,2024-10-01,regional,0,0,0,0,0.0,0.0,,0.0
Jakarta Barat,2024-10-01,national,0,0,0,0,0.0,0.0,,0.0
Jakarta Barat,2024-10-01,combined,1,0,0,1,0.0447,0.0025,market,0.3412
Jakarta Timur,2024-10-01,local,1,0,0,1,0.05,0.0074,infrastructure,0.3437
Jakarta Timur,2024-10-01,regional,1,0,0,1,0.0333,0.0022,development,0.3411
Jakarta Timur,2024-10-01,national,0,0,0,0,0.0,0.0,,0.0
Jakarta Timur,2024-10-01,combined,2,0,0,2,0.0417,0.0048,infrastructure,0.3824
Jakarta Utara,2024-10-01,local,1,0,0,1,0.0658,0.0051,infrastructure,0.3426
Jakarta Utara,2024-10-01,regional,0,0,0,0,0.0,0.0,,0.0
Jakarta Utara,2024-10-01,national,0,0,0,0,0.0,0.0,,0.0
Jakarta Utara,2024-10-01,combined,1,0,0,1,0.0658,0.0051,infrastructure,0.3426
Jakarta Selatan,2024-11-01,local,1,0,0,1,0.0252,0.0013,development,0.3407
Jakarta Selatan,2024-11-01,regional,0,0,0,0,0.0,0.0,,0.0
Jakarta Selatan,2024-11-01,national,0,0,0,0,0.0,0.0,,0.0
Jakarta Selatan,2024-11-01,combined,1,0,0,1,0.0252,0.0013,development,0.3407
Jakarta Pusat,2024-11-01,local,1,0,0,1,0.0244,0.0025,development,0.3412
Jakarta Pusat,2024-11-01,regional,1,0,0,1,0.0356,0.0033,development,0.3417
Jakarta Pusat,2024-11-01,national,0,0,0,0,0.0,0.0,,0.0
Jakarta Pusat,2024-11-01,combined,2,0,0,2,0.03,0.0029,development,0.3815
Jakarta Barat,2024-11-01,local,2,0,0,2,0.0384,0.0047,development,0.3824
Jakarta Barat,2024-11-01,regional,0,0,0,0,0.0,0.0,,0.0
Jakarta Barat,2024-11-01,national,0,0,0,0,0.0,0.0,,0.0
Jakarta Barat,2024-11-01,combined,2,0,0,2,0.0384,0.0047,development,0.3824
Jakarta Timur,2024-11-01,local,1,0,0,1,0.0389,0.0044,development,0.3422
Jakarta Timur,2024-11-01,regional,1,0,0,1,0.0459,0.0048,infrastructure,0.3424
Jakarta Timur,2024-11-01,national,0,0,0,0,0.0,0.0,,0.0
Jakarta Timur,2024-11-01,combined,2,0,0,2,0.0424,0.0046,development,0.3823
Jakarta Utara,2024-11-01,local,2,0,0,2,0.0123,0.0022,disaster,0.3811
Jakarta Utara,2024-11-01,regional,0,0,0,0,0.0,0.0,,0.0
Jakarta Utara,2024-11-01,national,0,0,0,0,0.0,0.0,,0.0
Jakarta Utara,2024-11-01,combined,2,0,0,2,0.0123,0.0022,disaster,0.3811
Jakarta Selatan,2024-12-01,local,1,0,0,1,0.0414,0.0038,infrastructure,0.3419
Jakarta Selatan,2024-12-01,regional,1,0,0,1,0.0598,0.0071,infrastructure,0.3436
Jakarta Selatan,2024-12-01,national,1,0,0,1,0.0352,0.0022,market,0.3411
Jakarta Selatan,2024-12-01,combined,3,0,0,3,0.0455,0.0044,infrastructure,0.4222
Jakarta Pusat,2024-12-01,local,1,0,0,1,-0.012,-0.0015,policy,0.3407
Jakarta Pusat,2024-12-01,regional,1,0,0,1,0.0436,0.0042,market,0.3421
Jakarta Pusat,2024-12-01,national,1,0,0,1,0.0352,0.0022,market,0.3411
Jakarta Pusat,2024-12-01,combined,3,0,0,3,0.0223,0.0016,market,0.4208
Jakarta Barat,2024-12-01,local,2,0,0,2,-0.002,-0.0009,disaster,0.3805
Jakarta Barat,2024-12-01,regional,0,0,0,0,0.0,0.0,,0.0
Jakarta Barat,2024-12-01,national,1,0,0,1,0.0352,0.0022,market,0.3411
Jakarta Barat,2024-12-01,combined,3,0,0,3,0.0104,0.0001,disaster,0.4201
Jakarta Timur,2024-12-01,local,1,0,0,1,0.0433,0.0027,infrastructure,0.3413
Jakarta Timur,2024-12-01,regional,0,0,0,0,0.0,0.0,,0.0
Jakarta Timur,2024-12-01,national,1,0,0,1,0.0352,0.0022,market,0.3411
Jakarta Timur,2024-12-01,combined,2,0,0,2,0.0393,0.0024,infrastructure,0.3812
Jakarta Utara,2024-12-01,local,2,0,0,2,0.052,0.0055,infrastructure,0.3828
Jakarta Utara,2024-12-01,regional,0,0,0,0,0.0,0.0,,0.0
Jakarta Utara,2024-12-01,national,1,0,0,1,0.0352,0.0022,market,0.3411
Jakarta Utara,2024-12-01,combined,3,0,0,3,0.0464,0.0044,infrastructure,0.4222
Jakarta Selatan,2025-01-01,local,1,0,0,1,0.0672,0.0099,infrastructure,0.3449
Jakarta Selatan,2025-01-01,regional,1,0,0,1,0.035,0.0027,development,0.3413
Jakarta Selatan,2025-01-01,national,1,0,0,1,0.0089,0.0005,policy,0.3402
Jakarta Selatan,2025-01-01,combined,3,0,0,3,0.037,0.0044,infrastructure,0.4222
Jakarta Pusat,2025-01-01,local,2,0,0,2,0.0484,0.0042,infrastructure,0.3821
Jakarta Pusat,2025-01-01,regional,0,0,0,0,0.0,0.0,,0.0
Jakarta Pusat,2025-01-01,national,1,0,0,1,0.0089,0.0005,policy,0.3402
Jakarta Pusat,2025-01-01,combined,3,0,0,3,0.0352,0.0029,infrastructure,0.4215
Jakarta Barat,2025-01-01,local,1,0,0,1,0.0262,0.0021,market,0.3411
Jakarta Barat,2025-01-01,regional,0,0,0,0,0.0,0.0,,0.0
Jakarta Barat,2025-01-01,national,1,0,0,1,0.0089,0.0005,policy,0.3402
Jakarta Barat,2025-01-01,combined,2,0,0,2,0.0175,0.0013,market,0.3806
Jakarta Timur,2025-01-01,local,2,0,0,2,0.0433,0.0049,development,0.3825
Jakarta Timur,2025-01-01,regional,1,0,0,1,0.0666,0.0045,infrastructure,0.3422
Jakarta Timur,2025-01-01,national,1,0,0,1,0.0089,0.0005,policy,0.3402
Jakarta Timur,2025-01-01,combined,4,0,0,4,0.0405,0.0037,infrastructure,0.4618
Jakarta Utara,2025-01-01,local,1,0,0,1,-0.0238,-0.0025,environment,0.3412
Jakarta Utara,2025-01-01,regional,0,0,0,0,0.0,0.0,,0.0
Jakarta Utara,2025-01-01,national,1,0,0,1,0.0089,0.0005,policy,0.3402
Jakarta Utara,2025-01-01,combined,2,0,0,2,-0.0075,-0.001,environment,0.3805
Jakarta Selatan,2025-02-01,local,2,0,0,2,0.0634,0.0055,development,0.3828
Jakarta Selatan,2025-02-01,regional,1,0,0,1,0.0308,0.0028,market,0.3414
Jakarta Selatan,2025-02-01,national,0,0,0,0,0.0,0.0,,0.0
Jakarta Selatan,2025-02-01,combined,3,0,0,3,0.0525,0.0046,development,0.4223
Jakarta Pusat,2025-02-01,local,1,0,0,1,0.031,0.004,infrastructure,0.342
Jakarta Pusat,2025-02-01,regional,1,0,0,1,0.0754,0.0064,infrastructure,0.3432
Jakarta Pusat,2025-02-01,national,0,0,0,0,0.0,0.0,,0.0
Jakarta Pusat,2025-02-01,combined,2,0,0,2,0.0532,0.0052,infrastructure,0.3826
Jakarta Barat,2025-02-01,local,2,0,0,2,0.037,0.0021,market,0.381
Jakarta Barat,2025-02-01,regional,0,0,0,0,0.0,0.0,,0.0
Jakarta Barat,2025-02-01,national,0,0,0,0,0.0,0.0,,0.0
Jakarta Barat,2025-02-01,combined,2,0,0,2,0.037,0.0021,market,0.381
Jakarta Timur,2025-02-01,local,2,0,0,2,0.0368,0.0043,development,0.3821
Jakarta Timur,2025-02-01,regional,1,0,0,1,0.0328,0.0025,infrastructure,0.3412
Jakarta Timur,2025-02-01,national,0,0,0,0,0.0,0.0,,0.0
Jakarta Timur,2025-02-01,combined,3,0,0,3,0.0355,0.0037,development,0.4218
Jakarta Utara,2025-02-01,local,1,0,0,1,-0.0501,-0.0028,disaster,0.3414
Jakarta Utara,2025-02-01,regional,0,0,0,0,0.0,0.0,,0.0
Jakarta Utara,2025-02-01,national,0,0,0,0,0.0,0.0,,0.0
Jakarta Utara,2025-02-01,combined,1,0,0,1,-0.0501,-0.0028,disaster,0.3414
Jakarta Selatan,2025-03-01,local,2,0,0,2,0.0433,0.0043,development,0.3821
Jakarta Selatan,2025-03-01,regional,0,0,0,0,0.0,0.0,,0.0
Jakarta Selatan,2025-03-01,national,1,0,0,1,0.0224,0.0024,environment,0.3412
Jakarta Selatan,2025-03-01,combined,3,0,0,3,0.0364,0.0037,development,0.4218
Jakarta Pusat,2025-03-01,local,2,0,0,2,0.0256,0.0019,development,0.381
Jakarta Pusat,2025-03-01,regional,0,0,0,0,0.0,0.0,,0.0
Jakarta Pusat,2025-03-01,national,1,0,0,1,0.0224,0.0024,environment,0.3412
Jakarta Pusat,2025-03-01,combined,3,0,0,3,0.0246,0.0021,development,0.421
Jakarta Barat,2025-03-01,local,1,0,0,1,0.0572,0.0049,infrastructure,0.3424
Jakarta Barat,2025-03-01,regional,0,0,0,0,0.0,0.0,,0.0
Jakarta Barat,2025-03-01,national,1,0,0,1,0.0224,0.0024,environment,0.3412
Jakarta Barat,2025-03-01,combined,2,0,0,2,0.0398,0.0036,infrastructure,0.3818
Jakarta Timur,2025-03-01,local,1,0,0,1,0.0236,0.0022,development,0.3411
Jakarta Timur,2025-03-01,regional,1,0,0,1,0.0321,0.0032,development,0.3416
Jakarta Timur,2025-03-01,national,1,0,0,1,0.0224,0.0024,environment,0.3412
Jakarta Timur,2025-03-01,combined,3,0,0,3,0.026,0.0026,development,0.4213
Jakarta Utara,2025-03-01,local,2,0,0,2,0.0029,0.0006,infrastructure,0.3803
Jakarta Utara,2025-03-01,regional,0,0,0,0,0.0,0.0,,0.0
Jakarta Utara,2025-03-01,national,1,0,0,1,0.0224,0.0024,environment,0.3412
Jakarta Utara,2025-03-01,combined,3,0,0,3,0.0094,0.0012,environment,0.4206
Jakarta Selatan,2025-04-01,local,2,0,0,2,0.0484,0.0037,market,0.3819
Jakarta Selatan,2025-04-01,regional,1,0,0,1,0.0294,0.0035,development,0.3417
Jakarta Selatan,2025-04-01,national,1,0,0,1,0.0466,0.0064,policy,0.3432
Jakarta Selatan,2025-04-01,combined,4,0,0,4,0.0432,0.0043,development,0.4622
Jakarta Pusat,2025-04-01,local,1,0,0,1,0.0542,0.0067,infrastructure,0.3433
Jakarta Pusat,2025-04-01,regional,1,0,0,1,0.0261,0.0023,infrastructure,0.3412
Jakarta Pusat,2025-04-01,national,1,0,0,1,0.0466,0.0064,policy,0.3432
Jakarta Pusat,2025-04-01,combined,3,0,0,3,0.0423,0.0051,infrastructure,0.4226
Jakarta Barat,2025-04-01,local,2,0,0,2,0.0512,0.0046,infrastructure,0.3823
Jakarta Barat,2025-04-01,regional,0,0,0,0,0.0,0.0,,0.0
Jakarta Barat,2025-04-01,national,1,0,0,1,0.0466,0.0064,policy,0.3432
Jakarta Barat,2025-04-01,combined,3,0,0,3,0.0496,0.0052,infrastructure,0.4226
Jakarta Timur,2025-04-01,local,1,0,0,1,0.0315,0.0046,infrastructure,0.3423
Jakarta Timur,2025-04-01,regional,0,0,0,0,0.0,0.0,,0.0
Jakarta Timur,2025-04-01,national,1,0,0,1,0.0466,0.0064,policy,0.3432
Jakarta Timur,2025-04-01,combined,2,0,0,2,0.0391,0.0055,infrastructure,0.3828
Jakarta Utara,2025-04-01,local,1,0,0,1,0.0557,0.0052,infrastructure,0.3426
Jakarta Utara,2025-04-01,regional,1,0,0,1,0.0594,0.0078,infrastructure,0.3439
Jakarta Utara,2025-04-01,national,1,0,0,1,0.0466,0.0064,policy,0.3432
Jakarta Utara,2025-04-01,combined,3,0,0,3,0.0539,0.0065,infrastructure,0.4232
Jakarta Selatan,2025-05-01,local,1,0,0,1,0.0441,0.0048,development,0.3424
Jakarta Selatan,2025-05-01,regional,1,0,0,1,0.0358,0.0019,development,0.3409
Jakarta Selatan,2025-05-01,national,3,3,0,0,0.85,0.7375,infrastructure,0.7888
Jakarta Selatan,2025-05-01,combined,5,3,0,2,0.526,0.4438,development,0.7219
Jakarta Pusat,2025-05-01,local,1,0,0,1,0.0622,0.0047,development,0.3423
Jakarta Pusat,2025-05-01,regional,1,0,0,1,0.0346,0.0022,infrastructure,0.3411
Jakarta Pusat,2025-05-01,national,3,3,0,0,0.85,0.7375,infrastructure,0.7888
Jakarta Pusat,2025-05-01,combined,5,3,0,2,0.5294,0.4439,infrastructure,0.7219
Jakarta Barat,2025-05-01,local,1,0,0,1,0.0254,0.0031,infrastructure,0.3416
Jakarta Barat,2025-05-01,regional,0,0,0,0,0.0,0.0,,0.0
Jakarta Barat,2025-05-01,national,3,3,0,0,0.85,0.7375,infrastructure,0.7888
Jakarta Barat,2025-05-01,combined,4,3,0,1,0.6439,0.5539,infrastructure,0.7369
Jakarta Timur,2025-05-01,local,1,0,0,1,0.0531,0.0056,infrastructure,0.3428
Jakarta Timur,2025-05-01,regional,0,0,0,0,0.0,0.0,,0.0
Jakarta Timur,2025-05-01,national,3,3,0,0,0.85,0.7375,infrastructure,0.7888
Jakarta Timur,2025-05-01,combined,4,3,0,1,0.6508,0.5545,infrastructure,0.7373
Jakarta Utara,2025-05-01,local,1,0,0,1,0.0275,0.0018,development,0.3409
Jakarta Utara,2025-05-01,regional,0,0,0,0,0.0,0.0,,0.0
Jakarta Utara,2025-05-01,national,3,3,0,0,0.85,0.7375,infrastructure,0.7888
Jakarta Utara,2025-05-01,combined,4,3,0,1,0.6444,0.5536,development,0.7368
Jakarta Selatan,2025-06-01,local,1,0,0,1,0.053,0.0053,development,0.3427
Jakarta Selatan,2025-06-01,regional,0,0,0,0,0.0,0.0,,0.0
Jakarta Selatan,2025-06-01,national,2,2,0,0,0.775,0.64,infrastructure,0.7
Jakarta Selatan,2025-06-01,combined,3,2,0,1,0.5343,0.4284,development,0.6342
Jakarta Pusat,2025-06-01,local,1,0,0,1,0.0328,0.0038,infrastructure,0.3419
Jakarta Pusat,2025-06-01,regional,1,0,0,1,0.0512,0.0076,infrastructure,0.3438
Jakarta Pusat,2025-06-01,national,2,2,0,0,0.775,0.64,infrastructure,0.7
Jakarta Pusat,2025-06-01,combined,4,2,0,2,0.4085,0.3228,infrastructure,0.6214
Jakarta Barat,2025-06-01,local,1,0,0,1,0.0383,0.0029,development,0.3414
Jakarta Barat,2025-06-01,regional,0,0,0,0,0.0,0.0,,0.0
Jakarta Barat,2025-06-01,national,2,2,0,0,0.775,0.64,infrastructure,0.7
Jakarta Barat,2025-06-01,combined,3,2,0,1,0.5294,0.4276,development,0.6338
Jakarta Timur,2025-06-01,local,1,0,0,1,0.048,0.0029,infrastructure,0.3414
Jakarta Timur,2025-06-01,regional,1,0,0,1,0.0536,0.007,infrastructure,0.3435
Jakarta Timur,2025-06-01,national,2,2,0,0,0.775,0.64,infrastructure,0.7
Jakarta Timur,2025-06-01,combined,4,2,0,2,0.4129,0.3225,infrastructure,0.6212
Jakarta Utara,2025-06-01,local,2,0,0,2,0.0548,0.004,development,0.382
Jakarta Utara,2025-06-01,regional,1,0,0,1,-0.0217,-0.0019,environment,0.3409
Jakarta Utara,2025-06-01,national,2,2,0,0,0.775,0.64,infrastructure,0.7
Jakarta Utara,2025-06-01,combined,5,2,0,3,0.3276,0.2572,infrastructure,0.6286
Jakarta Selatan,2025-07-01,local,1,0,0,1,0.0601,0.0042,infrastructure,0.3421
Jakarta Selatan,2025-07-01,regional,1,0,0,1,0.0359,0.0038,development,0.3419
Jakarta Selatan,2025-07-01,national,1,0,0,1,-0.0406,-0.0022,market,0.3411
Jakarta Selatan,2025-07-01,combined,3,0,0,3,0.0185,0.0019,infrastructure,0.421
Jakarta Pusat,2025-07-01,local,2,0,0,2,0.0596,0.0048,development,0.3824
Jakarta Pusat,2025-07-01,regional,0,0,0,0,0.0,0.0,,0.0
Jakarta Pusat,2025-07-01,national,1,0,0,1,-0.0406,-0.0022,market,0.3411
Jakarta Pusat,2025-07-01,combined,3,0,0,3,0.0262,0.0024,development,0.4212
Jakarta Barat,2025-07-01,local,1,0,0,1,0.0713,0.0074,infrastructure,0.3437
Jakarta Barat,2025-07-01,regional,1,0,0,1,0.0388,0.0039,development,0.3419
Jakarta Barat,2025-07-01,national,1,0,0,1,-0.0406,-0.0022,market,0.3411
Jakarta Barat,2025-07-01,combined,3,0,0,3,0.0232,0.003,infrastructure,0.4215
Jakarta Timur,2025-07-01,local,1,0,0,1,0.0499,0.007,infrastructure,0.3435
Jakarta Timur,2025-07-01,regional,1,0,0,1,0.0583,0.0032,environment,0.3416
Jakarta Timur,2025-07-01,national,1,0,0,1,-0.0406,-0.0022,market,0.3411
Jakarta Timur,2025-07-01,combined,3,0,0,3,0.0225,0.0027,infrastructure,0.4213
Jakarta Utara,2025-07-01,local,2,0,0,2,0.0495,0.0056,infrastructure,0.3828
Jakarta Utara,2025-07-01,regional,1,0,0,1,0.0429,0.004,development,0.342
Jakarta Utara,2025-07-01,national,1,0,0,1,-0.0406,-0.0022,market,0.3411
Jakarta Utara,2025-07-01,combined,4,0,0,4,0.0253,0.0033,infrastructure,0.4616
Jakarta Selatan,2025-08-01,local,1,0,0,1,0.0332,0.0049,infrastructure,0.3424
Jakarta Selatan,2025-08-01,regional,0,0,0,0,0.0,0.0,,0.0
Jakarta Selatan,2025-08-01,national,0,0,0,0,0.0,0.0,,0.0
Jakarta Selatan,2025-08-01,combined,1,0,0,1,0.0332,0.0049,infrastructure,0.3424
Jakarta Pusat,2025-08-01,local,1,0,0,1,0.0292,0.0037,infrastructure,0.3418
Jakarta Pusat,2025-08-01,regional,0,0,0,0,0.0,0.0,,0.0
Jakarta Pusat,2025-08-01,national,0,0,0,0,0.0,0.0,,0.0
Jakarta Pusat,2025-08-01,combined,1,0,0,1,0.0292,0.0037,infrastructure,0.3418
Jakarta Barat,2025-08-01,local,1,0,0,1,0.0615,0.0043,infrastructure,0.3422
Jakarta Barat,2025-08-01,regional,0,0,0,0,0.0,0.0,,0.0
Jakarta Barat,2025-08-01,national,0,0,0,0,0.0,0.0,,0.0
Jakarta Barat,2025-08-01,combined,1,0,0,1,0.0615,0.0043,infrastructure,0.3422
Jakarta Timur,2025-08-01,local,2,0,0,2,0.0374,0.0037,infrastructure,0.3819
Jakarta Timur,2025-08-01,regional,0,0,0,0,0.0,0.0,,0.0
Jakarta Timur,2025-08-01,national,0,0,0,0,0.0,0.0,,0.0
Jakarta Timur,2025-08-01,combined,2,0,0,2,0.0374,0.0037,infrastructure,0.3819
Jakarta Utara,2025-08-01,local,2,0,0,2,-0.0006,0.0001,infrastructure,0.3801
Jakarta Utara,2025-08-01,regional,1,0,0,1,0.0394,0.0047,development,0.3423
Jakarta Utara,2025-08-01,national,0,0,0,0,0.0,0.0,,0.0
Jakarta Utara,2025-08-01,combined,3,0,0,3,0.0127,0.0017,infrastructure,0.4208
Jakarta Selatan,2025-09-01,local,1,0,0,1,0.0609,0.0074,infrastructure,0.3437
Jakarta Selatan,2025-09-01,regional,0,0,0,0,0.0,0.0,,0.0
Jakarta Selatan,2025-09-01,national,1,0,0,1,0.0305,0.0032,economy,0.3416
Jakarta Selatan,2025-09-01,combined,2,0,0,2,0.0457,0.0053,infrastructure,0.3826
Jakarta Pusat,2025-09-01,local,2,0,0,2,0.0362,0.0044,policy,0.3822
Jakarta Pusat,2025-09-01,regional,1,0,0,1,0.0389,0.0044,market,0.3422
Jakarta Pusat,2025-09-01,national,1,0,0,1,0.0305,0.0032,economy,0.3416
Jakarta Pusat,2025-09-01,combined,4,0,0,4,0.0354,0.0041,policy,0.4621
Jakarta Barat,2025-09-01,local,2,0,0,2,0.0278,0.002,development,0.381
Jakarta Barat,2025-09-01,regional,0,0,0,0,0.0,0.0,,0.0
Jakarta Barat,2025-09-01,national,1,0,0,1,0.0305,0.0032,economy,0.3416
Jakarta Barat,2025-09-01,combined,3,0,0,3,0.0287,0.0024,development,0.4212
Jakarta Timur,2025-09-01,local,2,0,0,2,0.0527,0.0046,infrastructure,0.3823
Jakarta Timur,2025-09-01,regional,0,0,0,0,0.0,0.0,,0.0
Jakarta Timur,2025-09-01,national,1,0,0,1,0.0305,0.0032,economy,0.3416
Jakarta Timur,2025-09-01,combined,3,0,0,3,0.0453,0.0041,infrastructure,0.422
Jakarta Utara,2025-09-01,local,1,0,0,1,0.0453,0.006,infrastructure,0.343
Jakarta Utara,2025-09-01,regional,0,0,0,0,0.0,0.0,,0.0
Jakarta Utara,2025-09-01,national,1,0,0,1,0.0305,0.0032,economy,0.3416
Jakarta Utara,2025-09-01,combined,2,0,0,2,0.0379,0.0046,infrastructure,0.3823
Jakarta Selatan,2025-10-01,local,1,0,0,1,0.0489,0.0034,development,0.3417
Jakarta Selatan,2025-10-01,regional,1,0,0,1,0.0381,0.0031,market,0.3416
Jakarta Selatan,2025-10-01,national,0,0,0,0,0.0,0.0,,0.0
Jakarta Selatan,2025-10-01,combined,2,0,0,2,0.0435,0.0032,development,0.3816
Jakarta Pusat,2025-10-01,local,1,0,0,1,0.0417,0.0031,development,0.3416
Jakarta Pusat,2025-10-01,regional,0,0,0,0,0.0,0.0,,0.0
Jakarta Pusat,2025-10-01,national,0,0,0,0,0.0,0.0,,0.0
Jakarta Pusat,2025-10-01,combined,1,0,0,1,0.0417,0.0031,development,0.3416
Jakarta Barat,2025-10-01,local,2,0,0,2,-0.0059,-0.0005,disaster,0.3802
Jakarta Barat,2025-10-01,regional,1,0,0,1,0.0582,0.0064,development,0.3432
Jakarta Barat,2025-10-01,national,0,0,0,0,0.0,0.0,,0.0
Jakarta Barat,2025-10-01,combined,3,0,0,3,0.0155,0.0018,disaster,0.4209
Jakarta Timur,2025-10-01,local,1,0,0,1,0.0579,0.0058,development,0.3429
Jakarta Timur,2025-10-01,regional,0,0,0,0,0.0,0.0,,0.0
Jakarta Timur,2025-10-01,national,0,0,0,0,0.0,0.0,,0.0
Jakarta Timur,2025-10-01,combined,1,0,0,1,0.0579,0.0058,development,0.3429
Jakarta Utara,2025-10-01,local,2,0,0,2,0.0776,0.0058,development,0.3829
Jakarta Utara,2025-10-01,regional,1,0,0,1,0.0548,0.0064,infrastructure,0.3432
Jakarta Utara,2025-10-01,national,0,0,0,0,0.0,0.0,,0.0
Jakarta Utara,2025-10-01,combined,3,0,0,3,0.07,0.006,development,0.423
Jakarta Selatan,2025-11-01,local,1,0,0,1,0.0382,0.0033,infrastructure,0.3417
Jakarta Selatan,2025-11-01,regional,0,0,0,0,0.0,0.0,,0.0
Jakarta Selatan,2025-11-01,national,1,0,0,1,0.0494,0.004,infrastructure,0.342
Jakarta Selatan,2025-11-01,combined,2,0,0,2,0.0438,0.0037,infrastructure,0.3818
Jakarta Pusat,2025-11-01,local,2,0,0,2,0.0391,0.0043,infrastructure,0.3821
Jakarta Pusat,2025-11-01,regional,1,0,0,1,0.0037,0.0005,policy,0.3402
Jakarta Pusat,2025-11-01,national,1,0,0,1,0.0494,0.004,infrastructure,0.342
Jakarta Pusat,2025-11-01,combined,4,0,0,4,0.0328,0.0033,infrastructure,0.4616
Jakarta Barat,2025-11-01,local,1,0,0,1,0.0424,0.0036,development,0.3418
Jakarta Barat,2025-11-01,regional,0,0,0,0,0.0,0.0,,0.0
Jakarta Barat,2025-11-01,national,1,0,0,1,0.0494,0.004,infrastructure,0.342
Jakarta Barat,2025-11-01,combined,2,0,0,2,0.0459,0.0038,development,0.3819
Jakarta Timur,2025-11-01,local,1,0,0,1,0.0277,0.0031,market,0.3416
Jakarta Timur,2025-11-01,regional,0,0,0,0,0.0,0.0,,0.0
Jakarta Timur,2025-11-01,national,1,0,0,1,0.0494,0.004,infrastructure,0.342
Jakarta Timur,2025-11-01,combined,2,0,0,2,0.0386,0.0036,market,0.3818
Jakarta Utara,2025-11-01,local,1,0,0,1,-0.0335,-0.0037,environment,0.3418
Jakarta Utara,2025-11-01,regional,0,0,0,0,0.0,0.0,,0.0
Jakarta Utara,2025-11-01,national,1,0,0,1,0.0494,0.004,infrastructure,0.342
Jakarta Utara,2025-11-01,combined,2,0,0,2,0.0079,0.0001,environment,0.3801
Jakarta Selatan,2025-12-01,local,1,0,0,1,0.0604,0.0055,development,0.3427
Jakarta Selatan,2025-12-01,regional,0,0,0,0,0.0,0.0,,0.0
Jakarta Selatan,2025-12-01,national,1,0,0,1,0.0592,0.0041,economy,0.3421
Jakarta Selatan,2025-12-01,combined,2,0,0,2,0.0598,0.0048,development,0.3824
Jakarta Pusat,2025-12-01,local,2,0,0,2,0.0209,0.0016,policy,0.3808
Jakarta Pusat,2025-12-01,regional,0,0,0,0,0.0,0.0,,0.0
Jakarta Pusat,2025-12-01,national,1,0,0,1,0.0592,0.0041,economy,0.3421
Jakarta Pusat,2025-12-01,combined,3,0,0,3,0.0337,0.0024,policy,0.4212
Jakarta Barat,2025-12-01,local,2,0,0,2,-0.0145,-0.0001,market,0.38
Jakarta Barat,2025-12-01,regional,0,0,0,0,0.0,0.0,,0.0
Jakarta Barat,2025-12-01,national,1,0,0,1,0.0592,0.0041,economy,0.3421
Jakarta Barat,2025-12-01,combined,3,0,0,3,0.0101,0.0013,market,0.4206
Jakarta Timur,2025-12-01,local,1,0,0,1,0.0524,0.0074,infrastructure,0.3437
Jakarta Timur,2025-12-01,regional,0,0,0,0,0.0,0.0,,0.0
Jakarta Timur,2025-12-01,national,1,0,0,1,0.0592,0.0041,economy,0.3421
Jakarta Timur,2025-12-01,combined,2,0,0,2,0.0558,0.0057,infrastructure,0.3829
Jakarta Utara,2025-12-01,local,2,0,0,2,-0.0436,-0.0037,disaster,0.3819
Jakarta Utara,2025-12-01,regional,1,0,0,1,0.0496,0.0057,infrastructure,0.3428
Jakarta Utara,2025-12-01,national,1,0,0,1,0.0592,0.0041,economy,0.3421
Jakarta Utara,2025-12-01,combined,4,0,0,4,0.0054,0.0006,disaster,0.4603
Jakarta Selatan,2026-01-01,local,1,0,0,1,0.0525,0.0052,development,0.3426
Jakarta Selatan,2026-01-01,regional,1,0,0,1,0.054,0.0037,environment,0.3418
Jakarta Selatan,2026-01-01,national,1,0,0,1,0.0471,0.0059,infrastructure,0.3429
Jakarta Selatan,2026-01-01,combined,3,0,0,3,0.0512,0.0049,development,0.4225
Jakarta Pusat,2026-01-01,local,2,0,0,2,0.0425,0.0047,development,0.3824
Jakarta Pusat,2026-01-01,regional,0,0,0,0,0.0,0.0,,0.0
Jakarta Pusat,2026-01-01,national,1,0,0,1,0.0471,0.0059,infrastructure,0.3429
Jakarta Pusat,2026-01-01,combined,3,0,0,3,0.044,0.0051,development,0.4225
Jakarta Barat,2026-01-01,local,1,0,0,1,0.03,0.0032,market,0.3416
Jakarta Barat,2026-01-01,regional,0,0,0,0,0.0,0.0,,0.0
Jakarta Barat,2026-01-01,national,1,0,0,1,0.0471,0.0059,infrastructure,0.3429
Jakarta Barat,2026-01-01,combined,2,0,0,2,0.0386,0.0046,market,0.3823
Jakarta Timur,2026-01-01,local,1,0,0,1,0.0513,0.0038,infrastructure,0.3419
Jakarta Timur,2026-01-01,regional,0,0,0,0,0.0,0.0,,0.0
Jakarta Timur,2026-01-01,national,1,0,0,1,0.0471,0.0059,infrastructure,0.3429
Jakarta Timur,2026-01-01,combined,2,0,0,2,0.0492,0.0049,infrastructure,0.3824
Jakarta Utara,2026-01-01,local,2,0,0,2,-0.0166,-0.0011,disaster,0.3805
Jakarta Utara,2026-01-01,regional,0,0,0,0,0.0,0.0,,0.0
Jakarta Utara,2026-01-01,national,1,0,0,1,0.0471,0.0059,infrastructure,0.3429
Jakarta Utara,2026-01-01,combined,3,0,0,3,0.0046,0.0012,infrastructure,0.4206
Jakarta Selatan,2026-02-01,local,2,0,0,2,0.0648,0.0075,infrastructure,0.3837
Jakarta Selatan,2026-02-01,regional,1,0,0,1,0.0614,0.0048,market,0.3424
Jakarta Selatan,2026-02-01,national,1,0,0,1,-0.0031,-0.0003,policy,0.3402
Jakarta Selatan,2026-02-01,combined,4,0,0,4,0.047,0.0048,infrastructure,0.4624
Jakarta Pusat,2026-02-01,local,1,0,0,1,0.0234,0.0025,infrastructure,0.3412
Jakarta Pusat,2026-02-01,regional,1,0,0,1,0.0432,0.0037,market,0.3418
Jakarta Pusat,2026-02-01,national,1,0,0,1,-0.0031,-0.0003,policy,0.3402
Jakarta Pusat,2026-02-01,combined,3,0,0,3,0.0212,0.002,infrastructure,0.421
Jakarta Barat,2026-02-01,local,2,0,0,2,0.0319,0.0017,infrastructure,0.3809
Jakarta Barat,2026-02-01,regional,0,0,0,0,0.0,0.0,,0.0
Jakarta Barat,2026-02-01,national,1,0,0,1,-0.0031,-0.0003,policy,0.3402
Jakarta Barat,2026-02-01,combined,3,0,0,3,0.0202,0.0011,infrastructure,0.4205
Jakarta Timur,2026-02-01,local,1,0,0,1,0.0559,0.0078,infrastructure,0.3439
Jakarta Timur,2026-02-01,regional,1,0,0,1,0.0246,0.0036,infrastructure,0.3418
Jakarta Timur,2026-02-01,national,1,0,0,1,-0.0031,-0.0003,policy,0.3402
Jakarta Timur,2026-02-01,combined,3,0,0,3,0.0258,0.0037,infrastructure,0.4219
Jakarta Utara,2026-02-01,local,1,0,0,1,-0.0478,-0.006,disaster,0.343
Jakarta Utara,2026-02-01,regional,0,0,0,0,0.0,0.0,,0.0
Jakarta Utara,2026-02-01,national,1,0,0,1,-0.0031,-0.0003,policy,0.3402
Jakarta Utara,2026-02-01,combined,2,0,0,2,-0.0255,-0.0032,disaster,0.3816
